Transmittance,Std.Dev.
0.10001054095358901,0.016146796575853
0.06012117530677,0.008176594582390999
0.09085927248338399,0.017454274160602003
0.07513174879711,0.009658953669908002
0.100395275518051,0.012888563056972
0.062878746552043,0.00855455117096
0.07278692868962401,0.010927042272624001
0.075324779011613,0.009305317649033001
0.090206704913123,0.00888339252834
0.056613021731552,0.006749208341080999
0.073971971229304,0.007727183433827
0.083568087360018,0.011888914634961001
0.044895527951697,0.010741645129652
0.044644785088460995,0.006008791641125001
0.08427870051775599,0.009889113999895999
0.05385818535315401,0.006701606231648001
0.045985107552458,0.005787217613465
0.04708287852187901,0.004454627283974
0.052398904171057,0.006909743360350999
0.044260966108757994,0.004480743715608
0.041020087102272,0.002079813650236
0.04215395739049,0.002007721097889
0.057089096921848,0.0042445206238649995
0.043608264752316,0.005618066882606
0.044658806467802,0.004698085581463
0.050976923170278,0.002811153773626
0.060671566797787006,0.00415382436711
0.069823218328778,0.004044231973103
0.06505762808054799,0.007275066898485999
0.050397753122535006,0.009640980294668002
0.069464745685224,0.009532981419399
0.07146204364291299,0.010342113917788
0.071701203824048,0.006965328982413001
0.050081076168279004,0.005976330753113001
0.058505430375625,0.009231471486806
0.0669018338826,0.006713948126153
0.088241037296157,0.007232655196529001
0.060240640887893,0.006768506415936999
0.07520066079605,0.007045887447941999
0.073816520864108,0.0038029717862030003
0.073510877077519,0.00792891658937
0.05249155465676901,0.008322615076447
0.039266464268933,0.003098051297088
0.059089409148470995,0.003985532060966
0.06095520759282799,0.003677759872309
0.048808626848797006,0.003739225595734
0.05929035188444099,0.004497373584297
0.061040598336988,0.005922464756476999
0.056288059757281,0.003713659307527
0.054251734012308,0.0037795819438129997
0.060498482342777,0.0047303776340320005
0.06728112693684099,0.005468443083125999
0.090758172460054,0.006794876473288001
0.08376246508598899,0.007452918844199
0.082278713909139,0.004657715096852999
0.094520673976229,0.003932814605992
0.10054518964625099,0.0057115130894799995
0.12297924686763902,0.005628320495772
0.13837328335089003,0.007827376531733
0.159507008438802,0.005961883542738001
0.225312903497181,0.004047447828471
0.434970856053864,0.005105104827515
0.928553253646193,0.006722052220252
1.80342180648775,0.0055937919579250005
3.05822098783343,0.007659879768303999
4.6173566896563205,0.013318617034515
6.2135899589082895,0.012288436718021002
7.8509077130502405,0.015484802589932
9.4954740481455,0.019294892154935003
11.1061175872922,0.019756231094605
12.646315048818199,0.020733201621963
14.187504539260399,0.018691496958078
15.6685834714129,0.020569224791989
17.195903347363302,0.018842280627015002
18.7638772084765,0.019733185462897998
20.3324796247406,0.021290510363474
21.948961401048603,0.021739845964756
23.577929502050498,0.024114554684525003
25.0891842996374,0.030014717870528
26.621434681685,0.0289779384411
28.3389345521874,0.036173952173816006
30.026896864517603,0.040170893448651
31.688222904775802,0.040827653370139
33.2502043811453,0.044726950382212007
34.7996181189531,0.042936317443689
36.2775163521631,0.044421622026789
37.7726560929336,0.046713023918987
39.215064209839895,0.042948895178656
40.5714990136861,0.042397125868759
41.9064695207329,0.043460629914084996
43.177048609201705,0.049962139578662
44.3265716140956,0.05108203540288599
45.4962075891411,0.052636643430095
46.57545440209889,0.053658059423567
47.5528417619526,0.060538862988915
48.554364615485404,0.054925607939336
49.522849096087796,0.044530957170474006
50.443757178088205,0.053633860518635
51.3677446883311,0.067566666197532
52.2534359426787,0.063461721417681
53.0767179938606,0.056559326122414
53.8599594033491,0.067091796132732
54.60641336690821,0.07315796454008999
55.3145439839408,0.05908199337167801
56.061210597486,0.06629629011791599
56.696251229009896,0.075710875900241
57.333386216610606,0.073311031839588
57.9931518616152,0.07082020386236901
58.5346652909179,0.073546658562357
59.13419172090921,0.05999411121445201
59.657073537404095,0.057002554652568
60.2378630004784,0.070240119826672
60.735350704294994,0.072590396487642
61.2590715297216,0.068856265031658
61.7404488215945,0.068248909787435
62.2616928099057,0.066095177411107
62.805539637696704,0.07457249013691701
63.29545528183821,0.07236748007917
63.81111813930511,0.076427007668233
64.3202467812137,0.076735815652448
64.7774396731812,0.072645157383973
65.2724163813163,0.063748121531555
65.7457608849447,0.067979525853327
66.21955697726659,0.075415186907184
66.7032120499008,0.070818646520353
67.1020785964644,0.07089016227301201
67.5438837892835,0.073991672317798
68.0210777726525,0.07834208167142999
68.471113865359,0.075380225009298
68.9104314940488,0.075023747088751
69.3845566150936,0.076188651246541
69.8304250198823,0.080100196490449
70.3122695664267,0.07617156947939399
70.7539997364171,0.07619778880086901
71.20632276126709,0.074874265183836
71.6094693002015,0.081553573568198
72.0821386342638,0.081967263694507
72.48443382304991,0.079894968796134
72.90105963507041,0.078549203155914
73.32925797317701,0.085514991983514
73.6757947102204,0.07978783398382
74.0795822278624,0.079577314496464
74.4424960687915,0.081308612438617
74.7809091801272,0.07845583123322501
75.1148399396267,0.08268644292020301
75.42201828042559,0.08594152817112599
75.75648287924508,0.084589459231773
76.0458261271533,0.077014201857075
76.3349334758484,0.082346086421078
76.62076524161542,0.08282139711831402
76.86402347309121,0.078365151384953
77.17877870570271,0.075434335413721
77.4323098141639,0.079366768878317
77.68104438920591,0.081809229444732
77.94675134113979,0.083518473556537
78.1983404583173,0.086034162361112
78.4193945261676,0.08215770244820099
78.6728547133491,0.082397169748715
78.9320738118177,0.076450126667257
79.22006277153041,0.08487995053573
79.4122610932887,0.081804621310563
79.7177553081319,0.08555802127274999
79.86975896706491,0.07924867075445
80.1465602063987,0.07061068703233299
80.4290892224158,0.084440702997167
80.6282929175211,0.096716962754393
80.8859617462003,0.09519307155015899
81.0920841205677,0.086034855404494
81.37446169563609,0.084093672240586
81.73245115903059,0.084368990563263
82.0730896469635,0.093409051912161
82.4373204585058,0.09340071347625499
82.6533854534179,0.08642598225674801
82.746183964664,0.08100154092665202
82.9169797576878,0.080998645794459
83.20443297592949,0.082059356785152
83.1345757552754,0.08953687782168199
83.30910021046371,0.087952771984232
83.72200907987909,0.08421374830592598
84.25853041411399,0.105065347035753
84.6331104199924,0.105827878046902
84.68748819462401,0.09158323290275501
85.0078622857069,0.089989726579917
85.2692281288328,0.08373475085853001
85.46784419462149,0.087771764875915
85.7136828213924,0.086505911501553
85.85430432931591,0.08655918371144
86.0861302020222,0.096500485989014
86.3328941455061,0.08874927106052699
86.7170767958,0.074187955328734
86.9786362143037,0.08682483616069502
86.8650667315617,0.090091426503379
87.1674511892717,0.08066438402094502
87.429889071425,0.073761654699915
87.4276812290752,0.084352389352031
87.66067559004809,0.10265624746082
87.76169764684009,0.088782265789089
87.9436183888616,0.07133935105118598
88.24878843372879,0.082824823477433
88.7708382527816,0.090625340473956
88.6621320696176,0.09149404223392
88.6570701540567,0.079430868945222
88.7292297417351,0.080497794512501
89.11380199002551,0.080742419235345
89.2973489569725,0.079381137683619
89.5869515220806,0.078572053648888
89.4213635565843,0.078734971236212
89.5082958937976,0.078542428666352
89.60957780492491,0.078040133142768
90.1033630677835,0.080433208804258
90.0915912001321,0.08354857073499
90.1319582934626,0.077948198332415
90.18442294883091,0.085755471516078
90.2445473452679,0.08726659836446
90.2224541542512,0.07901027896418901
90.3969691568541,0.07625867998943099
90.83024705448679,0.079899838880804
90.84580592503359,0.08665483468317199
90.5911159234262,0.09233118887665899
90.85647925536041,0.09283519734020801
90.9147557974392,0.082768069254388
90.8493968120911,0.07397463919230901
90.9392151329595,0.07480433475645099
91.30489080987742,0.082011236935983
91.5386693837323,0.081276185170975
91.5818970066658,0.08070348543797999
91.65734288249729,0.08716349296650899
91.66197225195191,0.08277366515097
91.73295163011039,0.09437789279747401
91.81346137253028,0.079933035209763
91.86559356040578,0.079217678874772
91.97630866233169,0.082787939150735
92.1863974266987,0.080247501701792
92.8042618292821,0.080766838414348
92.6069988900382,0.083840408974027
92.9682540240885,0.078849678913434
92.9612110985869,0.078748513037187
92.2405643247002,0.08702314072920499
92.850839617551,0.09014731082616902
92.15684685698021,0.079561539149778
92.7317408013772,0.087761004400087
92.9889776093573,0.08553448818123899
92.89448290244958,0.08215445556294501
92.9199849655504,0.078495367299121
93.3079671675236,0.08074065429878399
92.973664169779,0.080747189707567
93.3219011686508,0.088657433095729
92.9873440556391,0.077492032697351
92.9202910328139,0.081286846069523
93.14838697625392,0.094803512179952
92.44861753157129,0.08871860186951
92.7595406178817,0.076761420460006
93.2337217468672,0.082645392000807
93.076721165935,0.07908336811438099
93.1667979407139,0.08882541188035
93.3907820757382,0.07376665227679599
93.29178174933192,0.08209378862840801
93.521713750814,0.08038807513629902
93.32702448629459,0.074430712760815
93.40031870530831,0.08524830080509
93.68183066021558,0.09551849365263099
93.8416034960634,0.07520561474995799
93.9115897696868,0.073344321887394
94.18792053872819,0.09281244475334299
93.98224736787809,0.082810485161837
94.5433006679249,0.069806094924487
94.4909976294962,0.08896063316968199
94.4186098539493,0.089386311591242
94.7587326501603,0.09138198844369301
94.6941451353665,0.08411902963183
95.14310975103321,0.085689334216714
95.0425649006386,0.082881056393886
94.9885255411816,0.07772652416840599
94.92565742026122,0.095165949907027
94.9321195528549,0.081564189985027
95.0602021528679,0.08041396182546699
95.3198163695737,0.085141291337498
95.14185620147829,0.09432059519335902
95.2815195416075,0.09544201937832901
95.4855278849185,0.096136036455635
95.3600131951279,0.093439562269039
95.2841349554835,0.081811001279169
94.7073502722663,0.069110960735762
95.230481037948,0.08597783312745
95.4794474100401,0.085979982398334
95.776900076233,0.09760751834229901
95.4377332155636,0.08606090059537401
95.7623892299572,0.09773761792124999
96.23374539502261,0.098811609531053
95.9285541718725,0.086585534628613
96.13215353727502,0.07700657164536799
96.25202641901859,0.08777785355422599
96.1293037543627,0.082188246276942
95.901278736362,0.07664824582619399
96.1880052187744,0.10277753478465801
94.2705848931056,0.09955797124895
97.9380692490749,0.08780083313573599
97.7323619961318,0.087323649784005
99.1693503254996,0.08426677189163499
97.05525657788851,0.07550891373112
96.54054354939491,0.073309803123122
96.33174265557061,0.07054542071176101
96.2907133261428,0.08245865209185001
96.46838624871029,0.100448927347524
96.7381127338417,0.08699938250089599
96.7124122641623,0.07873717743007
96.0634656373339,0.090678892622187
96.5508258519914,0.08933363043535801
96.1937083495793,0.068585480881227
96.8782046495227,0.080924891432485
96.6419303362924,0.08475960847092401
97.1071664451126,0.09440502092495501
96.83194552485779,0.10310137142575801
96.98196918737659,0.10699881737580699
96.96014280476611,0.09062136269506
96.97153449888071,0.09785113558709099
97.2743831701417,0.101514966854504
97.62404296470629,0.091280131634994
97.30279697037909,0.097530384530911
97.4955031278634,0.09625094563595402
96.6924513226105,0.093122944364231
96.93055194775059,0.072348179418959
96.97813590603208,0.078974188320398
97.12902592373692,0.104185506891607
97.53179846954491,0.108503684807293
97.5353323659981,0.084156979595658
97.54165086362042,0.103646540980812
97.51316731465,0.08386930465335
97.0300045253735,0.105555372358019
96.92076127897181,0.093604505491108
97.10364806195079,0.070516137290558
96.83407189664541,0.081910109583685
97.45964931859591,0.077528341503466
97.0489695876388,0.076720107878356
97.3421199722249,0.12057002882295402
97.1744667251832,0.090349171242205
96.9795201290395,0.08910135459172802
97.51916315998051,0.119301034627275
96.9565232942976,0.11589729289392502
97.83027411948142,0.102867860891628
97.1697723247542,0.140066150158928
97.2456573516295,0.116176987071322
97.46221751118179,0.097282346763534
96.8026063620138,0.08986274560717801
97.5888919218676,0.10296788560636999
97.5383309240078,0.07508495091381501
98.0735455254987,0.08297868132528799
97.63626306022209,0.075252022597944
97.1681720128063,0.064105766242105
97.7269968413191,0.080087038543215
97.75994354006441,0.087510641598756
97.78581501714191,0.07076435390083
97.5689643324893,0.05080197728005901
97.99217273313879,0.066415824598168
97.8100824570258,0.066665742644943
98.05330365308359,0.064945785278372
97.65985002521921,0.084469382752882
97.2498215355371,0.08105096777603599
97.3188234496569,0.0828002986274
97.7494251461117,0.066524741177775
98.2780285900678,0.081677863243752
97.84595775408329,0.061778574946760006
97.89377612538999,0.07001047860303901
97.7048955097557,0.070920313665011
98.04479900658069,0.06370206766801301
97.1024752958922,0.05850404325777
97.8406937881989,0.10183797962574599
97.5617871117466,0.091095040969273
98.1604823171031,0.06930866379608701
97.75908485323549,0.076337117012248
97.2992714991395,0.082668882379207
97.9052775106096,0.07431877835724601
98.30155473053921,0.08123067397520001
97.9330153801953,0.07039552350349
97.7031791106787,0.085073625282507
98.4996995995941,0.095795928625746
98.20586654353309,0.082542562779866
98.3959316926006,0.10943602384204902
98.06934607018259,0.108663847341052
97.17265295267879,0.10359783548349301
97.93914457397409,0.107613914745989
96.9652529319322,0.097493861454922
97.01242786192341,0.106112619016203
97.1087657523288,0.10972203012004401
97.4387852623572,0.10807875082528802
97.30247646771521,0.110146677892849
96.77433862454609,0.11439188165508
96.7325897428336,0.11728478123766
98.19077207350651,0.11938035344474
97.93258527573721,0.115331918351894
97.76412974636699,0.116609991537407
96.1752272088819,0.11479564256400698
98.53128403785921,0.114817012666157
100.30911280234699,0.11215203830369
98.16317675657841,0.10043250301186801
97.7520009746797,0.098352383821833
99.4031813070007,0.09459808671514601
98.06719257310628,0.104160462403349
98.2773811612361,0.10146415560493302
100.243273565769,0.09038786004752
99.76202669180358,0.098794072759306
99.04823667921092,0.113381580256388
97.3479984161889,0.10766951681773401
97.3960011754015,0.090567267896687
98.09368387377708,0.09821546717012199
97.9737763473567,0.09549987933696
99.01376866892879,0.09330790796312301
97.38787432288099,0.09947022255189501
96.5763773446313,0.09950571018656801
97.45098216822892,0.09832002900544999
97.15825066697651,0.099919539003474
97.6492351859083,0.09782124434348101
97.3618943313267,0.096521470035614
97.51241785990472,0.09865009408861801
98.80384933332451,0.09946182046316498
98.3511075409432,0.101052179569194
98.6127796901083,0.102312147714666
98.41332680278792,0.08680742324931799
98.26054950857359,0.09053580743923
98.50964976838002,0.09948978263524001
97.43471996631109,0.089349637713639
98.4279151351198,0.09984800902169699
99.2037635741877,0.096620255577344
98.3687107360229,0.089366323936285
98.4379661331427,0.090018755979341
98.13785194519579,0.098665322079617
98.7105984247661,0.086994057209135
99.48965820174419,0.094251926562649
99.743517073816,0.09620110822603499
98.3438727853634,0.075868743374196
98.3623386635862,0.07333674079600701
100.19353746956,0.076902653882187
97.0650608330126,0.07700116104194299
98.7139582651775,0.076999801163675
100.944836805252,0.093304444588388
101.050516128477,0.065253244128371
101.63021811959699,0.084021605383455
100.179677381336,0.10860457403010002
99.12090887187709,0.095368405210175
97.1185754128026,0.080572129066442
97.0118952854648,0.081349571220865
97.98571746759241,0.09808093642829599
100.135359970917,0.092491436144158
101.078701164367,0.06746280695070901
101.33349932919799,0.07786669776048101
100.30173401494301,0.079513904879199
99.02018294206181,0.081314431435655
100.24019185145201,0.103432542220777
99.5040783299444,0.076128020055394
101.266542976058,0.070953318566592
100.908268473006,0.11819993714224801
101.668164348249,0.14627260361224498
101.50743646432899,0.16020176480422502
100.24987755833901,0.11766948885398901
101.312584619183,0.127581392435464
101.64851982611,0.183900382593876
101.98008226597901,0.16787295839886301
101.866943542486,0.174118624062831
100.92189693887899,0.15466957620247002
100.458457071342,0.17569160249416102
101.962504512922,0.162002944727385
100.08853459421499,0.13961241139606198
99.6428148738515,0.169659048898876
100.19958810926,0.151720472015575
103.277146602657,0.179299661687577
91.24025312917179,0.143078282934698
95.7759536496722,0.146483830553485
120.57475541118299,0.174193460047318
119.185093880356,0.12470425030523802
104.331499918983,0.158727379063181
104.089847191143,0.19772361254914605
101.93049167900601,0.151052476958249
101.86370007059,0.142586324199626
101.85643059493299,0.14872303453525
101.49005161042801,0.163479263983632
100.59565255024401,0.129229115317414
103.229078743355,0.15430396898006601
101.854753097302,0.14164163183847303
101.88215568512699,0.148679822832363
101.224412087705,0.076627094763742
101.31725667990601,0.059472822251447996
100.36243240819701,0.09179555967663801
99.42937848596719,0.088975051377756
102.53212688063499,0.10655184425457699
101.841445928376,0.104827475564987
101.921986462536,0.09328859752807699
101.00536987742399,0.09176597337719199
101.37244779126101,0.08586684371676599
100.393401628783,0.07438601222657801
100.78525243470301,0.103418755216789
100.89807602682899,0.115363021732596
101.50531891902399,0.13713956227079402
102.000798794123,0.08610592903164599
102.177676310026,0.079225178698023
99.73902709244369,0.07785239246482001
98.31083723404271,0.07253390505740501
100.485263347906,0.07967039846269501
101.670396920518,0.07037887328407699
101.547678219413,0.066218703099024
101.969669600567,0.089926525910887
101.526607831957,0.084391860572668
99.512381776091,0.07495488395027901
100.961795709941,0.11721059093372801
100.12513566067801,0.086052916866537
102.328454334851,0.09034806376611698
101.60098686439301,0.09438043615754099
101.157527814222,0.094759124562546
98.3986325950035,0.069103524502873
101.73337564750099,0.081090695201722
102.293631030373,0.072649095627426
102.439068798377,0.06858652482512999
102.83269413912399,0.08596766388328599
100.549936717881,0.058436345306096996
101.09435058134899,0.056507143678572
102.425010537029,0.080410803873509
103.14784507752701,0.115743338037197
100.768212545265,0.09650789717117401
98.6604311889373,0.06099689595678501
102.075188998439,0.069218006820934
103.14150315964001,0.091207764678197
103.305158714665,0.10391984254097501
102.316433338617,0.079769347281913
103.94788622094102,0.08330239059914701
100.761131880225,0.08466946388448199
101.712043377835,0.08217864830043099
101.61760971490601,0.066736028344237
103.696646869437,0.07286265942832801
103.771932060469,0.093740368464019
100.745312817022,0.049109686497531
101.54043129656999,0.053865713988915986
103.03951981998699,0.07341630783445599
102.811470003057,0.058718098698431004
103.38844602934499,0.08984517415178599
103.28780618712601,0.089187354217827
102.774112621504,0.11995489113019801
101.438694536457,0.093818058642774
101.50208696135799,0.065576671776229
103.812615626843,0.058008615798634
102.425235454023,0.0688305555102
102.579982837906,0.04769176451398
102.38464593674601,0.06036121835545599
100.28158277933599,0.079666107603883
102.928483007091,0.110348906998162
102.73315925600401,0.08568511896259101
101.22663491544,0.078551958983896
102.668434343676,0.074705724981729
102.724925426324,0.096634746197209
102.804471514511,0.07149970088497799
105.132179571798,0.072110123999258
100.79808957872801,0.077135821300417
100.92655098292101,0.080615921868704
103.404453050452,0.085377387624582
102.291497084275,0.065360439034192
101.970565271924,0.07260634727872299
102.95007040306601,0.09402544359521002
102.893003617562,0.096647180994804
103.706211094921,0.09924228308892001
101.058726705483,0.104248804930535
104.34307027400801,0.082638923491937
103.095422720133,0.075436102248235
102.04997539908899,0.096486111476969
103.43386247572599,0.074877844324728
104.794510962534,0.08289047852177701
101.73695007788099,0.078427854458773
101.654546719,0.075169463605125
104.01193311345301,0.049486756461089
101.288115439817,0.066625159231154
99.6417208434683,0.061664167475649005
100.832403763578,0.075225304831379
102.369920754595,0.06721055312192299
102.091104787431,0.054574759569625
102.79025024754101,0.075519716346651
105.77675036302799,0.061637025421417004
101.332720512614,0.053355198527226
100.97144027931401,0.07023464230179
102.025440143509,0.094914438502676
107.004670210848,0.076193691733985
107.666040783148,0.051640462556014004
100.57223991445998,0.06472623835333201
100.21587164523001,0.07719883366407401
103.205279833769,0.067004384124545
103.67820406826,0.089931135857845
105.47765298485201,0.08480206003216001
105.28812660653999,0.0622741625477
105.553535848337,0.07937942450967798
105.58344057141399,0.09273863921332401
104.570728448612,0.088182152141889
103.515435048943,0.06888242846945
103.175255706658,0.06787404295435401
101.82523366059401,0.089683267180764
103.74367947244,0.075082775465418
103.09270608894,0.063769308460394
101.820538175438,0.057165467873830006
102.52593538854201,0.09164873926329199
103.577623342402,0.10869244076824
104.820057392624,0.083332638295024
103.172763530314,0.09242930606013401
103.64440078487,0.057980768698134004
101.85497676205699,0.059088212394789
101.968661979693,0.07889933593877099
104.325543404847,0.09082377459193303
104.396356285439,0.110727313385974
103.22046517104499,0.12097632055191802
102.769147707833,0.087530657876336
99.853310691812,0.060052630681108006
101.32471017515101,0.07728556893437201
106.777457633027,0.098054024592862
104.52492758329001,0.092640635350175
102.77208149146601,0.08423840390438901
103.904411622076,0.083380011950034
104.139344921607,0.089144644895816
103.050946894522,0.10339702624522
104.183832930683,0.103719414549444
103.53328051835,0.10541805049439698
104.97023967467199,0.112222031360664
103.77124843930099,0.10366191718541
100.75858738775699,0.096470265347593
102.005614589885,0.09520427083380001
104.078876285098,0.10999239246514099
105.20019026146099,0.122762195514869
105.424741069267,0.11021531050512401
103.753703703761,0.13948232413556
105.24120267231702,0.133194319526211
104.057623445059,0.09388950748878
102.63112893529,0.082190325811783
104.901686577132,0.06475074560055401
104.900419630525,0.10195227400510401
103.283156658622,0.116716030397521
104.749992207032,0.12158757396556599
106.181801842775,0.13858164813520002
103.33964559053801,0.149316097464171
102.77783646416599,0.132712756485952
105.750738550574,0.109517166150941
105.295409781586,0.18385806465098
105.098709988428,0.11349888465653399
104.17651226075199,0.11499653976132199
104.118194051266,0.12241511366963999
102.728083529552,0.14522733521841902
103.93339266723,0.152817357580926
104.249169806359,0.138605311175381
106.372119354221,0.141868554007768
106.96285313733101,0.134457280896437
105.92969902650299,0.143979587764791
103.81649108396799,0.12374844941443401
102.52188297798901,0.11750291897704199
104.299315879169,0.145029525077094
105.856102669421,0.183856947684566
107.55344289884,0.197375029505024
106.174690507377,0.150227249240116
105.949472955541,0.14792834810873198
104.60908345100401,0.159800869347996
104.90306871815599,0.138717815259923
106.55154643678699,0.148989604490154
105.81531535466101,0.15270098199741597
105.597932340502,0.160945688538992
105.11082705512501,0.129618362974743
105.95296285558001,0.10849022540486099
104.795316385528,0.121382182959411
105.79510182879999,0.12201762110340598
104.45735344303199,0.138924527712474
105.542758315828,0.11736642435601899
104.94223694888001,0.137579724850304
101.762868454299,0.10802476283113001
99.68089461466299,0.10905600575540401
101.998670956793,0.139709287265208
104.734811841142,0.088164669295218
104.829840332047,0.09559824664847599
104.905833054835,0.13487635442468301
105.715563107339,0.156625857620291
105.188178385219,0.14766247764829699
104.85079040236401,0.219350463151679
105.81624480503099,0.156093013474313
105.02096321444701,0.138803228032303
104.103791052912,0.152509696603419
104.76425455501601,0.167721488462387
105.850059112371,0.18952796056394897
105.902951937738,0.21184024154988002
103.752906286266,0.15634303807010402
104.07407687731701,0.10483093684825
105.377409149329,0.16934177779771897
104.790368884916,0.176105643487822
104.249055345198,0.20100568154653103
105.067788950421,0.16025995859474804
103.610949803608,0.15410007213691299
104.218498711137,0.110551935878575
103.58672165348801,0.126782624276983
104.692617383965,0.169478271876068
103.77124843930099,0.186426275343513
101.881596374956,0.134320551267609
101.090354755203,0.17081325144753304
101.80421745915702,0.14907652146386802
104.19927665591601,0.167398481816071
104.998019305585,0.155152137799892
103.501569992708,0.129389653092575
102.90079899533899,0.16095568848489403
102.17296457261999,0.156455704228684
102.416688955472,0.11962907680067301
103.45192105399401,0.168937601783743
103.37754904987801,0.135534495917747
103.88912566562901,0.173481012735347
103.11059189334,0.16718732588471602
102.50196095573901,0.156602734780795
102.527398798385,0.20077984452981196
101.90397117697901,0.202535826209042
101.79169923079701,0.2519788030903
100.412472841035,0.176124276837427
99.5010193402297,0.189338018464947
99.77659584782342,0.214699353367257
98.7514661816963,0.189073261502848
99.0975130526916,0.24008352404247899
98.495806328875,0.175879693869975
97.0048655502162,0.218452846522779
96.9038427806441,0.17315000344944298
95.43658056953569,0.164653796484525
93.53085297776941,0.16194207772644598
92.514720720214,0.18120477500467602
90.97336937321809,0.223610973720151
90.34626556530621,0.219077437268763
89.85785778681749,0.24377934734014603
90.30976865760981,0.21032367374215
90.8313440670039,0.21684601026965
93.7314216880451,0.20149632600304102
95.49800455429371,0.24148182792889497
98.70279536568951,0.283445583711729
100.22324411609199,0.246931445459516
100.101612718011,0.229996417115191
99.2952999053168,0.19576820572265197
99.15737383133431,0.237356782985572
101.32504392656901,0.227134500665012
102.766891008181,0.213789902840668
104.501747827034,0.23862792622874698
104.85896436719801,0.318729835471679
104.496584720111,0.19772226295326
105.272521499194,0.199739132488237
106.09137183001499,0.307895618598595
105.816477168899,0.350443309536581
106.247225149556,0.32924729740205394
106.25224143318,0.310047035664642
106.583138186189,0.351259905801762
107.139159381814,0.355860571271786
107.088706145531,0.35730125774696797
106.94676496673401,0.33553259662221
106.835740411047,0.309675088802037
107.135983302486,0.32154062487227303
106.614622243857,0.34742804391701804
107.704466800281,0.27324673829762697
107.76727851106399,0.25886124029062196
108.471347874989,0.274492099952233
107.03345831139299,0.32517639074500104
107.63200087749,0.33896108619259496
107.177868061154,0.305906117871393
107.97786399405399,0.27209525612449104
107.955933514247,0.31556031933170897
107.376337022178,0.36736207391186604
107.134807000702,0.281934212445477
108.185653780008,0.326150527971001
108.318891858523,0.2952583157807
108.912783477339,0.42628544677229097
108.843089668258,0.406334399468679
107.694415594717,0.414711083415198
108.002170540072,0.362788254655891
106.611929934847,0.277989679519825
106.36639669362101,0.335345195334833
106.296464968083,0.37914923459151095
109.19056660954399,0.36807199415461495
108.75290066253099,0.38864434236070095
109.795023716917,0.393665360211979
109.707057227016,0.410610440016617
109.22701824046,0.40114960716138703
109.194163268896,0.39545735036295704
108.851216322197,0.5174327473914779
108.61292742551399,0.484964851276161
109.407176619459,0.5511527765886011
109.525443002219,0.600100008481228
109.46232766050501,0.37651750129442296
109.012919345355,0.39742117273898403
109.333324989141,0.46358422481817
109.587752473288,0.570199714648814
108.381347901802,0.445773226588681
109.110272077491,0.371320657777114
108.724724466091,0.488677202048932
110.249714099157,0.738586350495673
109.28255841514799,0.593228378261802
110.832529200739,0.496909021209454
109.55238328955299,0.579066778406619
110.49389899904301,0.547137495553906
110.57084118180401,0.36204394041434995
109.178218980683,0.43897632328477504
110.24584058096,0.45573573183683597
109.40153091366301,0.776330514502052
109.352653687011,0.757443089842025
109.860019580091,0.5796528314195911
110.885720261801,0.6837666076114259
110.46393759620899,0.64446344499758
112.155829990401,0.8043177796601809
108.411458623863,0.8695037959926429
110.109990459014,0.650858215102797
109.06595563085699,0.5022399628858011
110.77389039060499,0.7671097435860841
109.89126504332899,1.08509682564098
112.013567671089,0.834505490885981
110.802962602304,0.770995775218152
110.355077540019,0.55519733770805
109.615791263654,0.624114842691473
110.769633594114,0.7094070621973391
108.751109585304,0.8682519170634592
112.502641542603,1.2237168582717701
109.456799287684,0.75120751268858
111.43555315218501,0.8341412964025171
109.5509398919,0.7725541685121659
110.087143455494,1.02392797218766
112.886587675698,1.16526246320511
110.55299650523001,1.1848147792256203
112.24723888503901,1.10704050315235
109.291197869139,1.25890469787501
112.758501528475,1.38678716973943
107.669941876387,1.3579251084888702
108.934310306208,1.12581943215062
108.53484515306101,1.26930791990247
110.443684894997,1.2537480061056498
110.409372926635,1.5274773730847901
108.495408136724,1.6423088026686101
107.139394650695,1.74754647947752
112.679542162552,1.8863590904042802
111.427845269746,1.3426952812478101
113.81226337630501,1.61767317679787
107.45158020584499,1.4669845286131
111.68310022741801,1.25657037495024
110.37737419906401,1.9902329640818102
108.187673115266,1.51436082254181
109.54504621551901,1.4541033065610802
112.529572821,1.82928916307971
109.313519620002,1.86735127834604
112.602987097523,1.6063031492354798
108.21927468221399,1.6322583739485401
114.72738914495599,1.7565510534705
117.17327880831002,2.1294548764033703
111.75105423842,2.3846273609365602
113.69248875020901,1.52359373312285
107.902607696165,1.59857706152458
117.840685818476,2.2667033023597
114.704843469817,2.31422705029837
118.44269010003,2.6375018582177403
119.03169361891099,2.1491470234383403
122.468426903878,2.76066978536475
112.089598939494,2.00906863509167
118.36858757503,2.2818354670885603
119.01953990054199,2.0471429889255903
122.19777901441499,1.7122772985961798
120.584684772497,2.40142902827421
128.385711754876,3.58636894355977
122.95089466288401,2.8272736840442096
128.832067190415,3.90969715870461
125.469566859346,3.44233888355641
120.528429201358,3.6630350303959798
123.66152886521002,2.75618261820678
134.701403219068,3.51521180362696
123.57140700025299,5.36140258146527
130.02619026451902,4.47657265712947
127.885568086036,5.04906340743792
132.48686770395798,4.5753290030939295
127.847802566487,3.6882977752634902
133.74540717701402,4.25031401196743
144.886813807919,7.29159971602801
134.16929011617398,5.9643312919565705
133.941444415357,5.21052880662701
132.00132452969,4.76851073852641
139.85301854299,5.81674441805115
120.778537140884,3.46686430901353
135.593349193805,6.15922086238714
123.314297040285,4.67664622763146
135.714290264004,6.16070049057162
137.581127611045,5.48609525316514
145.969238068672,6.3242685651658705
133.572240086258,4.46506801053142
138.068244644817,6.709942944935531
138.029896903787,6.8950806327622
146.05147876909402,10.269668446627302
137.856479983481,7.56753888190954
140.590936866537,5.47990099477753
140.634782783538,5.06545302633062
153.927233518752,9.73501432241475
138.747683936877,10.776384338404501
145.842200768352,11.5183566645363
154.022920450047,10.685581844364801
172.98464134604,11.301672967929099
135.600197654488,9.81688720963033
159.80132629543002,13.0835900977824
149.645153612633,14.6800085219762
140.58954760673902,10.2502552344005
164.112542280878,9.13154088587754
138.057936695287,8.43773453190869
171.027177422442,14.8569252001562
155.926085978892,14.449715440460501
160.000065022528,11.754580083291199
160.34053039818997,9.833313993227131
178.407010030389,9.66924028122477
144.937728241455,8.38485241643381
191.355644832669,22.0461117305983
173.38433503336103,13.5614790633842
182.181488346647,13.0217091192346
215.14948301762,19.2655741940091
176.56121683610598,17.5781716058695
151.593227049945,12.8530781641205
173.422222551693,15.2075172081722
143.63725393204902,16.5669762541512
210.899109111054,20.392647505877303
145.146983275472,16.383747452413303
188.41376540815702,25.4718204649328
193.19800431584702,32.7323973906811
170.251342684288,18.8968530390922
0.11553044785935801,0.014848358604154
0.11768100469296999,0.014465403873587
0.097184709840621,0.01266680706769
0.083878700840136,0.007075119292973
0.091683612622764,0.009049260481136998
0.068785326621673,0.013386720237308001
0.07559960651455999,0.015072593149246999
0.077005512616545,0.008495238841386
0.122284750843267,0.019029255137566002
0.088516425658362,0.016784660991753
0.07838556404928099,0.011231944435908999
0.07760142386218699,0.011825884817368
0.04887834336915001,0.009210719236583
0.041093655563037006,0.004915355693159
0.081809932453993,0.010711977489413998
0.068721538936157,0.009981154045224
0.040435461967776004,0.009061424926946999
0.033269668484016,0.004650920912677999
0.051246459687965,0.0055345187697769995
0.046102089314417,0.004950390691453001
0.039548438874806,0.0044979701438929995
0.038574971892303,0.0063857362566769995
0.04134415023716,0.005550267071832
0.033503797283706,0.00578627356424
0.04192833070664799,0.004663923101099
0.049576164309101,0.0065944129578340005
0.06401384843303799,0.005893966160655999
0.062595844862476,0.007268456753313001
0.04805349999679099,0.007558759954606
0.059605873762909004,0.009946769263118998
0.066283060007645,0.007912747390713
0.06330775722666598,0.006289146449054
0.061706021902154004,0.005485911760660999
0.072200871927705,0.010368002585092
0.059731988142829005,0.009167882900389999
0.053780716405092,0.0042160779411780005
0.08309332820707599,0.006282625585975001
0.06947580562604598,0.005969843290621999
0.06514147009651099,0.004528777018467999
0.050159659085326,0.005463039140342999
0.053232017223342004,0.0064006519778039995
0.05073676143846599,0.0064954835536709995
0.043037614417626,0.003808274909658
0.041812343734512,0.004550509693757999
0.049386829327886995,0.008656190884946
0.033967311382747,0.003812764936054
0.056370378264804,0.005324200926838001
0.05973179139348599,0.003989416812855
0.04524618335886,0.002100996735052
0.056311796703123,0.004577977742685001
0.054619305332954005,0.0036549309439379996
0.060599465801625,0.004591748545685
0.066956212976122,0.0029566369709610003
0.070966631513087,0.002609490382012
0.08636645629324001,0.003917641475147999
0.095909281535009,0.005393201264455
0.09158601977609301,0.0064921764777069995
0.105533951687003,0.007830184882668
0.12612439142964801,0.00826465260039
0.148609693412196,0.005927335153485
0.183484505487412,0.006759254496942
0.337689258336936,0.007670514952484999
0.6860551425022561,0.006150143885364
1.31918884017357,0.007940886233174
2.27090406488565,0.013045185888315002
3.4744793910042406,0.012715702753771001
4.7978058671977095,0.009822686801206
6.14577424248642,0.007262190911181999
7.57065097237066,0.010150270868671
9.009139336675881,0.011566457202388001
10.4233260910263,0.012815411644979999
11.8702153793489,0.010951938982545
13.283265215113301,0.009262504332306
14.7502344554045,0.011330488383581
16.2837460967597,0.015735032144587
17.805339957626,0.009623924022848
19.366013649343,0.012742524696848
20.9332214201992,0.011160759437988998
22.467259538103498,0.009819023486980999
23.984464110145396,0.013410775784904
25.6250489321653,0.015626987032476003
27.288151722775602,0.013178590443038998
28.8800851106211,0.014655242375883998
30.394082615676197,0.018522797215755
31.905231793345898,0.014615448382918
33.3182505669316,0.011433981102324
34.7827722387083,0.012703452173526999
36.1796240991539,0.014696270489458
37.5140089449353,0.016468932949608002
38.778848901690395,0.014805238083181998
39.988261698482596,0.012761914191754998
41.106020059861,0.014818650227939
42.2273802588473,0.020215509159683998
43.26944797014,0.018867333167679
44.2556693867556,0.018498769008343
45.2422092602004,0.024151194894627002
46.152380561745396,0.024106047166293998
47.0417989048634,0.024586232666684
47.9893330669917,0.022600137437441
48.9014253585538,0.022585266425862005
49.7337788365977,0.02450763879702
50.540052951042995,0.021229733461409998
51.2895216174891,0.018102570663078996
52.0453611691576,0.021243292449933997
52.8107157444011,0.020542693125205003
53.513359864509496,0.01997857376643
54.201602505079094,0.023548952745904995
54.8559773404436,0.021596814208542002
55.4880261294446,0.023843448965977003
56.12982243773029,0.019076888061726003
56.706523427620894,0.02593065371963
57.333386216610606,0.020713402866828
57.856414104060896,0.027596007645962997
58.4339788033681,0.024925056244082994
58.9987149229078,0.030652578724933998
59.5840846433962,0.021010579766046
60.1379443204148,0.019778286870581002
60.6461918515052,0.022552450646402003
61.213956760406504,0.029926050329506
61.736652786335604,0.027904730756404
62.2612826468651,0.028971213161378996
62.8025745200132,0.023634433453571
63.293092470105705,0.020211881432307
63.828285622567904,0.021723234821334002
64.3230010567657,0.020188079145999002
64.8140783329298,0.023463989839531
65.2734197183529,0.018834781492391
65.7642431220549,0.020211597887091
66.2802945763941,0.017115427152506
66.7103164496197,0.022070498301015
67.24124795542829,0.02380517561359
67.71028177736599,0.025285383264262003
68.2245226938682,0.028892228971122997
68.695361602874,0.026523315710109997
69.14689788412039,0.026741229465526
69.579702390863,0.022202617081742995
70.06027843679111,0.023928448769062
70.4585610063917,0.025516788455634997
70.899964704464,0.02528615095916
71.33050505869879,0.025775517034862003
71.7250614430286,0.020493455045792
72.1083397844115,0.024019257677753
72.4821258984594,0.022751086313492
72.8312961414302,0.018914891922541
73.1313039811357,0.02125197843357
73.4903791221148,0.026145344699650002
73.81190130404909,0.027298652932611002
74.1212381105155,0.023483753419907997
74.4046624995946,0.023968290511058
74.6939271205403,0.021816107263916
74.9721325250718,0.027000737970701
75.2754212280796,0.029567650353508997
75.59213641540029,0.030368283936433996
75.855778590603,0.036165129270638
76.1301193996714,0.034162727069932
76.40310350905109,0.023873596071201
76.66410258501041,0.021541960475276
76.9369740357974,0.024949324749121
77.2043741474303,0.031977790102757
77.5204379887774,0.033476615152005
77.7127789484036,0.032686636500357004
78.0077953901773,0.033966397590589996
78.2781437012396,0.030785992956552998
78.52183571969009,0.032673964124226004
78.8217409174414,0.028342261602517002
79.101076171246,0.024770890063015
79.34576196094379,0.035541714043105
79.6190862386907,0.036091000671142
79.939505855701,0.035909074344312994
80.3173692465357,0.030175805148462
80.69055106425809,0.04757139048975
81.2771330777949,0.043993233761888
81.6050317364885,0.030781887157621
81.36704633611001,0.040552584007533
81.4412303496015,0.041346816943127994
81.7753575681048,0.033331745094967
81.6536984495498,0.032602897363676
81.8697770362113,0.040471482820385
82.41035207819199,0.043236162017623
83.1086567639963,0.034399126816121006
83.5336865945731,0.036103226948627
83.6717421525104,0.0390533314734
84.04343670154141,0.04081069663779
84.31877747544858,0.037211485118263
84.56966738421349,0.041294858297576
84.7946727468567,0.039876800742361995
84.96046128874941,0.027253974465517
85.24301798602109,0.034221875266922
85.5098949071682,0.031137425533712005
85.87240500800509,0.028792395398439002
86.1685902091213,0.041726974629087005
86.1177053261398,0.041469288306201
86.4254586785872,0.03730094397235
86.6115512575438,0.037977432704842995
86.7485976023763,0.028883988855506
86.9337633099601,0.035132726442572995
87.0996218893962,0.032687593996758
87.3172642978957,0.028847364718642
87.5234375878346,0.028560075090107998
87.999350243813,0.031721850223281
87.9847618932227,0.030524898507781
88.16578978063959,0.033253261411781004
88.14662499940208,0.027608976748196
88.5097199866456,0.029571466309925
88.60695332278749,0.027099548601636003
89.0137645643852,0.027844240151878995
88.88006806310129,0.03132332040702299
88.95865999776159,0.02819686079365
89.03595280810829,0.02149559295335
89.4410018953758,0.029918089652034
89.50957349561341,0.03891104504415701
89.6934432303054,0.034707334432018
89.7166874379887,0.029009395260033
89.81544392860991,0.026039965520764
89.7903995673207,0.025561761571635
89.858153767802,0.028673393406766
90.2256241452112,0.023854057982927997
90.26674505539921,0.036086604344743
90.23790891222151,0.033285303524052005
90.414935569854,0.041312344299125
90.4537591819685,0.03623112752041
90.4908110548346,0.027805236918490003
90.49428855091791,0.026425742487601
90.8112010402203,0.027997582962202998
90.91974696421379,0.037026728129265
91.14103074362271,0.032374150386659
91.2731174232856,0.038764063314550005
91.21431072170341,0.030045515926606002
91.298675586688,0.041565562942643
91.4026858694883,0.030366038804022003
91.42285971625981,0.027452365229790002
91.45649268947359,0.025400531427429998
91.48762676164681,0.025290165202648998
92.0759349097941,0.02338477305956
92.0172171422156,0.033202806520185
92.5193933935508,0.03722299254379
92.44100499165229,0.048362559657392
92.06572482824829,0.046291758732386
92.2914190297513,0.038622293614101
91.66509217629108,0.03556210919084
92.07603600537121,0.037692269813743996
92.054909442258,0.037005212648685
92.2818943025522,0.036667242111949994
92.5502796036445,0.032027688263882005
92.6120829599662,0.043664095614722995
92.43227671736591,0.033177327402837
92.901622774527,0.036619177299178
92.6062871425206,0.03740085841212999
92.5668445480288,0.043793039687543
92.81017193871371,0.048359408186471
92.2604166111617,0.038393974839916
92.84349977159309,0.035404734862498004
92.9523316486458,0.026994231522608995
92.83279686961201,0.030729790595015
93.0303364959585,0.049286923010860004
93.1464438089716,0.048860234722614006
93.1318202189596,0.039745444555396005
93.345983207315,0.033014503223077
93.2003561668713,0.031692604924799
93.3379893310732,0.046837386137469
93.5558106964654,0.039239716532018
93.77856777603071,0.045568704849752
93.8727249692739,0.049061387278944005
94.1318866119117,0.04696270729457799
93.97316721214371,0.045783405199403
94.49193135854308,0.04236992529159299
94.36326753800041,0.039229688896521
94.3393373749898,0.043082575009802004
94.54340447256772,0.045121504228446
94.1957803605464,0.044025663684403
94.4040974940816,0.050211114256481
94.6465387514757,0.05126430978088
94.6867635384087,0.052953359719255993
94.9489023064863,0.050068621849893
94.7669522552022,0.051026598921137006
94.4432859858839,0.061406920936966
94.655580043803,0.054366095053303
94.6244068189572,0.052782875717178004
95.0463216741377,0.05015735242192
95.06208086962879,0.059772061995602005
95.23445436591749,0.06362683397688501
95.7225482873272,0.061507458652250005
95.1481241144174,0.052111328361884
95.70384243093142,0.08171213822063499
95.53166823847602,0.064162369013683
96.01843893881652,0.04587589427275799
95.59661707565,0.05206746847747
95.787837239403,0.053152904135889995
96.46722115500499,0.075879142008045
96.1111515648876,0.068634435223667
96.48416935882909,0.07913891131316
96.34105070861841,0.060314120783659005
96.1192774119492,0.061941010094995
96.13215353727502,0.062080089003085
96.70455480608591,0.074386147264746
94.13447046913392,0.041159974942307
96.15917789947979,0.037104284906022
95.0972614781135,0.044923240584788
97.96409542627659,0.053838718723692
97.17339979608049,0.069908145912242
96.93172263738559,0.04721904660401001
96.48459310207309,0.071741778428267
96.84566144361759,0.05641677214134599
96.99719732908599,0.05141237370244
97.18140204989719,0.049754305728688
97.3194645637304,0.062397584005216
96.85267964168501,0.08185956825010099
97.0085933766782,0.07249536878840401
96.6714330832057,0.072290797497154
97.57689202574369,0.049765260162597004
97.0186059625148,0.050015172548343
97.7351519930372,0.07747925452386199
97.4881172349856,0.059735955342248
97.40316619995251,0.065473855396927
97.2219569316062,0.06912898960522901
97.5167005360354,0.07457310156214
98.1822555036897,0.07033452668344901
98.38221225324709,0.071385804758262
98.18117750954892,0.080032912293947
98.15207614127729,0.059521662882885004
97.24256102277529,0.067714986442757
97.6153611947048,0.051148752401215
97.7176621740306,0.046018238593284
97.94194047396759,0.064563257274974
98.3495957569855,0.057406739120068
98.31072929291871,0.053118411020367004
98.5722940120487,0.06031023581557499
98.39679597330351,0.09175062846545098
97.79365295659659,0.083264128300841
97.7383713192053,0.073641182956639
97.79343821015931,0.08696770448375199
97.86669408873159,0.08413165587232399
98.43050884280979,0.07443557136545301
98.304360976371,0.055673897067551
98.4244569645153,0.081366686782533
98.199397200839,0.106963231953333
98.0946532033877,0.081741453818239
98.45136906041941,0.09616197345705998
98.09271455374491,0.085425844090871
98.7533094234798,0.07047588133275999
98.24177914294229,0.083839075568415
98.53074312322109,0.081314198976302
98.62284956563428,0.074136980412574
98.0572870956148,0.07849909955967099
98.55757606868629,0.093980940475934
98.5508671473257,0.062066894862858
99.00887670601792,0.083392264434792
98.75200830806129,0.09768415832027802
98.5378834355557,0.063716012590281
99.07499299342699,0.061492280570657996
98.9878983617543,0.07337681471931799
98.8778620986155,0.050318333227581995
98.85105048743651,0.034174351890242996
99.14496335451621,0.049684613960216
99.0617226985309,0.048140800513878
99.1581359287777,0.061998270237373004
98.84149992913349,0.070072450396842
98.6121300560277,0.072762644124699
98.5140844065086,0.07308836622965499
98.76642996191109,0.067543588942857
99.24777765314329,0.070935976336836
99.07608080134149,0.059154675006128
99.1888424401177,0.059536788448176996
98.90207477954,0.07387719163995099
99.2722989104227,0.051496358514708004
98.3020943869776,0.052448975364583005
99.1304864280645,0.06184628099156
98.574675062346,0.064827307419646
99.32430401435421,0.054532197999294006
99.03333893777821,0.06200877521973
98.64537515970021,0.055825016776558004
99.24963015880991,0.04564142355704799
99.3889940504632,0.04809724913893199
98.993332739321,0.0515985919647
98.56320325811501,0.057733002048462004
99.2907210834469,0.07569646901167401
98.94475999071942,0.060869416607032996
99.03562238775991,0.04910193500962901
98.5800867541959,0.030946642926332996
97.2785485841258,0.03530800709125399
97.7481372572809,0.037865531708
96.47082239920161,0.034629501202047004
96.4877712357237,0.030291297199508998
96.61689190516199,0.025272297899479
97.02648893793949,0.029018706394156005
96.66655071194029,0.031045409300990003
96.0407914760701,0.03614294019501
96.02202342940159,0.026054197713315
97.6000360039342,0.031375965847279
96.95982343076021,0.029763293275399
97.22569310073222,0.028742454331875996
95.50461050983749,0.025121810250522996
97.8964632439591,0.028755727438367
98.947041398302,0.037517681759849
97.56093016544969,0.027773896180586004
97.4928270150789,0.022578724679840997
98.6968351111277,0.029080609457878995
97.5357607257842,0.021916627725551998
98.0756991620821,0.02917871840214
99.96717643995491,0.031955743523075
99.4787352534723,0.037288584711978996
99.085327650856,0.035828607520304
97.2785485841258,0.032394993150333
97.4017759300948,0.030766166869025998
97.92677905042909,0.027197971728553
97.9374240598026,0.040206888757389
99.0617226985309,0.043664758671252996
97.28292780140708,0.039916477731885
96.73280215973391,0.030819522779233
97.4287293128661,0.031821086771879
96.86065548411659,0.0331187756614
97.6845152175453,0.040532177689419996
97.4280874789863,0.036599421176963
97.524516904846,0.031241782351856002
98.84790304241709,0.032093586159632995
98.2082387426391,0.037715949019539
98.5255504937801,0.047241497975525994
98.3335074959756,0.039062835874282005
98.3744351530517,0.039382420257348
98.64450869557061,0.055251709409014006
97.6178263101627,0.034325145560823
98.6855657953034,0.03866351852322
99.5153318513966,0.036683313682479
98.52436055474251,0.030987359874247
98.5899367957889,0.028587211435424
98.3574788858095,0.042234829778254
98.8927364514221,0.037544851600301
99.9379846030283,0.05283819978176401
100.370036064887,0.04849393175408901
99.068140078204,0.039069229216482
99.1541077657755,0.035386985905239
101.196075312305,0.040137290267061004
97.7620902901352,0.046753358817458006
100.228966407592,0.053045950915874995
102.91944251094401,0.04586347079834299
102.666067132476,0.061291489847980996
103.27646624100001,0.07412969516550501
101.10345277496599,0.07641951649244501
99.14692280021679,0.068510395725599
96.9936829303211,0.071879630396009
97.0676186276623,0.06494259635015401
98.38923377454849,0.08954358610167099
101.246309068541,0.09281725461597301
102.90610922849899,0.070351376319964
103.199161001043,0.088453703620741
101.715282020786,0.09986686458901199
100.047882434546,0.074485954272093
101.72600378145701,0.07366588075156599
100.779055777907,0.09388855645683301
102.807519184834,0.09256575452974301
102.311827536724,0.13561327265540898
103.185678187265,0.177990772569766
102.76147513119801,0.184735733403409
102.025104085077,0.18337691656412097
102.78754165784001,0.13855459150035598
103.543852852391,0.174750799142083
103.871446953876,0.268454511285802
104.37767443618401,0.236304529839842
102.293967973301,0.158182195861279
102.235019855247,0.24218662740882002
103.36790164130699,0.22006856424751003
101.41898299906799,0.184102549900092
100.505345161694,0.184508417248417
100.851779832602,0.12492659109939198
105.341085616352,0.160362136528103
87.9444874188543,0.06681684805956299
90.3241474721748,0.029314047649903
119.85882747449301,0.058538177457162
117.287061815233,0.16028628330142802
105.939469212499,0.13825284545672
105.774311483836,0.20446650597687
103.8640341959,0.19072669558807198
103.728303272798,0.23061102520648102
103.87897429560101,0.20188608328933103
102.895602011203,0.141328507542732
101.780300040672,0.14454417414172901
104.969778663972,0.198446331398899
104.13454272542499,0.184652716709598
103.683554419692,0.192000334235363
102.630340145543,0.10664438312173899
103.051173186021,0.084733493605945
101.851621842309,0.079692450473291
100.572019066485,0.073435773124261
104.597483598409,0.10029948283462402
103.552152322508,0.099891044791888
103.70085957434401,0.099872629606262
102.41972512986099,0.088284363549967
103.39548427237699,0.08843097465686
101.773595231034,0.09288215095585901
102.33395974851601,0.081725273187343
102.113749833797,0.08137658914982801
103.055925422286,0.094285213511044
103.788340319643,0.06545596039910401
104.140717018334,0.08631309937782301
101.128210446607,0.065726446167098
99.2598740496513,0.06146497097883401
102.205726862302,0.092830486692635
103.504070111493,0.068467136213035
103.265581064026,0.067127848869549
103.84772799041401,0.10055337374564
103.334880271035,0.08796100622022901
100.927215863876,0.09592563660233197
102.708910826025,0.11616873231762699
101.850615387933,0.100377191664104
104.265996964167,0.08706239461669799
103.721811783886,0.113524510390862
102.93662013259599,0.092106873786896
99.66535457237879,0.070537099988591
103.728189383527,0.08609662645711999
104.506222726052,0.073516089095866
104.695031322117,0.08570610338686399
105.07251881824699,0.064663830317054
103.047892007924,0.058066571189002006
103.084330260056,0.08412238126719201
105.29332882302299,0.08634461026306098
106.750965317828,0.10295968569239501
104.199162249536,0.105585565069965
100.990066882713,0.069969811642702
105.98949737502,0.080922670130048
108.159762115377,0.11369352816710901
108.37016264987801,0.08657988489557
106.88607446632099,0.06288027421730301
109.073021101027,0.09995794066223901
104.553737315469,0.092417822822231
105.046680185049,0.081295386199301
105.057522409078,0.076120394519019
107.75012290254499,0.105940107961051
108.172469635085,0.10102251838974999
103.783326409655,0.075834049046334
104.625509204783,0.083626059323603
106.597299009445,0.073979252527604
106.026160904452,0.09547056639855803
106.90332725448201,0.12291976346578501
106.738073206414,0.10081839468047699
105.967505343148,0.097783180936797
104.129740750689,0.092697386343151
103.560225048029,0.08023401970152
107.22859876950001,0.08343174086987899
104.939932530532,0.088500694215929
104.64952071527,0.059551873550291
104.55947725433,0.071009609673453
101.89009822094101,0.07444126083128999
105.620659439126,0.094824473225866
105.05094773543199,0.094312995523679
102.549127263218,0.074099255724722
104.38730147470501,0.061664715388229006
104.768740694909,0.09351107206922099
104.571072892024,0.080898640741275
108.40717358381599,0.062598454158091
102.47686696979,0.04620202494415
102.63112893529,0.101122307503547
106.566990121963,0.08231642701880601
104.612988641287,0.08370184031249701
104.20179362806499,0.11024394220651901
105.426824624989,0.10394086171792499
105.16773824922701,0.118795446601995
106.18378377521,0.128202330290671
102.328679039815,0.108738749681176
106.110243897628,0.069684948507876
104.882108202192,0.05673542123422701
102.754818506766,0.08147482949472401
104.85861897550899,0.077807692418409
107.03827666833901,0.084196742653042
103.33465335653999,0.07609040673626699
102.850873610721,0.082487597066164
106.46360691509399,0.048634057864385995
102.05356095329,0.042566227876551004
99.95653030877149,0.040882892673256004
101.67821130954701,0.061861788444865
103.858218402321,0.07195842324615899
102.90701312526501,0.062659948057435
104.049854672931,0.069669498188382
109.223300576248,0.094029116194029
102.621551184201,0.06506911175541799
101.83775601298001,0.07590158342876
103.21842521971901,0.068132057245109
110.626943204935,0.042145646603949
112.05083869131799,0.049316541663991
101.45852130207899,0.05302226286297
100.44378835146699,0.06721733020090499
105.26015464979,0.06236736557802
105.39650137593,0.063101773327289
108.64835117766899,0.064920798291916
107.81994553847,0.05847628863050901
108.035734421112,0.083232140102984
108.482543570583,0.09683753832271601
107.262864404244,0.09916888683821698
105.66995694146799,0.077974525499611
104.99882629269001,0.07730756785847
102.26106511929001,0.07470014077317799
105.314718413631,0.085770570939858
104.940393410153,0.061451135184756
103.955647379702,0.072493239525093
105.16023298177,0.093464238879126
106.128769746887,0.10240626988249302
107.870506412356,0.103641773467511
105.28488980155899,0.09496983799303399
105.412009123438,0.075338930770185
103.296085134038,0.077771779794177
103.705983365016,0.07953472485490598
107.182457555077,0.09865080816876899
106.527449399812,0.09863997481436301
105.47649489074101,0.09063085547623402
104.99686647762199,0.071953803500319
100.627577611518,0.08805359725593401
102.538206163909,0.09971951278286699
111.73829437714899,0.119532219337922
107.15645302113701,0.09851452945471302
104.336082084354,0.085193185688331
106.23847638441099,0.09415242048302401
106.73526058902,0.11916920551471301
104.89212726694299,0.11321395003337
107.15104110605101,0.121196650450173
105.855637768167,0.11067164633047599
107.261451171943,0.104506329919873
105.931094712192,0.09003404012866599
101.72242973566401,0.06337681949705
104.076705097021,0.085251406355884
106.335336193392,0.12435020259313799
108.241496346908,0.12974960237924799
108.72030767357599,0.127754603538588
106.19346080009899,0.167786751464204
108.855877471041,0.118491694907711
106.15347591067801,0.09902948851429902
104.501862565641,0.09454689185782099
107.901541448523,0.09848841130208502
108.270498321578,0.10501469943443802
105.59758451474899,0.09992428144452199
107.740658908298,0.125634129819365
109.93181294093901,0.129080736051739
105.30546832776301,0.13616521205424498
104.885678104018,0.12000365866795
109.136031797571,0.11259332597023301
108.840341084388,0.179924348699743
107.96150461946199,0.130051690952634
106.797038036812,0.134625216970081
106.603385230495,0.12656916693972198
105.094902055964,0.136739983100101
106.894172367056,0.180707846124867
107.06013828017299,0.13926522506036498
110.393008782148,0.15710808493150596
111.21993385245001,0.15313336119474802
109.26168255409401,0.19519824703425
106.10896235471,0.13351083514378698
104.450931011639,0.141190813206049
107.13221918224001,0.215687198499612
109.77790690313,0.29761520767532396
111.66716032717599,0.24333308112024601
110.45035453618601,0.186032874195849
109.124049776007,0.161368644206899
107.38871668161998,0.13564028222539698
108.31068602639499,0.163582188831982
110.24898780412902,0.15842283277703398
109.860863935249,0.15455369495700597
108.861136442691,0.16938775807008802
108.47230065516099,0.15664539820360399
109.439735202377,0.12357615393526901
108.23210802821698,0.09911893891186999
109.71813953225,0.147786895867122
107.813553111529,0.194335463040146
109.040451894514,0.135205782721399
108.19765156039,0.16135625009946
102.738348035588,0.12887229199205802
99.73256625443291,0.126246850956761
103.90532428763399,0.150191694611707
108.741199491159,0.129128570105555
108.75540822020399,0.15793783074673698
108.760901167621,0.143428399975958
109.690797175101,0.160711863666781
108.497314128116,0.21105974329292998
108.648470469075,0.20771135738720897
109.475548814695,0.151609351343478
108.279533310567,0.131212667866235
106.428311207085,0.155895447161089
108.371828465301,0.22481011634328898
109.947625847287,0.207740301816685
109.112308671177,0.174819134340625
106.791292516223,0.18788030072846698
106.90191875923,0.12396454823365301
109.353734274069,0.14764640128984802
107.454175738592,0.224550978755874
108.221888758905,0.18226456974205701
108.063850714134,0.17210587341063097
105.988100919852,0.17500141911638503
106.910252626064,0.132840199301959
106.11560324480601,0.150059721078292
107.832139551926,0.189072015357696
106.478102582133,0.18853944887124602
103.96626284387101,0.156270133677961
102.853358011694,0.202863669111185
104.63412514167601,0.191347867944749
108.32222193874,0.186739617880549
109.367302553622,0.15250686275639302
106.246175259699,0.176871246144322
106.18168525966601,0.20222692687763003
104.19630213084999,0.20695430421201397
105.378681856831,0.153537083646785
106.75577095770399,0.20532998541918804
106.72647163734399,0.16890229683233102
107.78869727600299,0.20024337108134801
106.868355113585,0.21363941854951501
105.284196213438,0.194388902477297
105.415365578081,0.21889657689060896
105.265817793025,0.154751616536877
104.915048036537,0.26397216614526803
103.527028570721,0.22626476697544298
102.244786051801,0.242302984381733
102.99178871944001,0.227579003297524
101.37378343250099,0.22427257187378696
103.08704667053499,0.251919372947073
101.869851570609,0.176012395550807
99.58659726815891,0.23624979894162498
99.98045825489349,0.19687240616946
98.67288935305392,0.172167888276571
95.87106366319858,0.19220536325680398
94.9714229594665,0.20997589527253
94.8174300147183,0.19411174873447698
93.4806495983557,0.279199072300919
93.66527186863908,0.266003471103593
93.8818984981155,0.22748352983915698
93.6864594173156,0.275496860670982
95.7039475098012,0.209457281875338
98.4993751544898,0.27549876326164396
102.09020805729999,0.254461759445315
103.64314902308901,0.25935067685257995
102.90791702997,0.28626946142639803
101.534299688882,0.20454537917571203
101.26142852969299,0.226552335314103
104.46813484065001,0.18691848785980103
106.374805607209,0.262912554475666
108.078801595828,0.272838913168052
109.37666925080299,0.30570480578462605
107.586749202787,0.17028472656346202
108.949501239909,0.254411649764999
109.453193977574,0.30260748858469605
109.82902417597401,0.3585679596301379
109.57415684437099,0.40516821595507896
109.917812571274,0.296954158901969
110.36767944599801,0.383081741964636
111.624011400729,0.383472024754916
111.03715618803601,0.38700152046984904
110.66958519809401,0.33595895237806395
110.593060008134,0.306215320821255
109.977930213217,0.319946014427399
110.208201913815,0.359837144449415
111.860431629695,0.272234003932123
112.10289125373899,0.24611735381757102
112.13329719396499,0.3584536950176379
110.91482182285101,0.402680068670947
110.652453533703,0.45681315802931005
110.87050282129299,0.372932176756254
111.16316494903799,0.29159504740269704
112.533155908073,0.304514288864074
110.67772670580901,0.27143182733973803
111.037765760452,0.305615719252843
111.56262648146601,0.3903906243927439
111.98294829113999,0.304115417815717
113.11959605554199,0.521694481073365
112.477322138186,0.438281643879348
112.17836731472401,0.42836677990316796
111.25913962167499,0.36265807897491203
109.708261771185,0.29327623139752695
109.24045085596599,0.38345742142802797
110.318612824178,0.38298989514806303
113.031448005835,0.45289609492584204
113.20408398612601,0.4178812488585179
113.464653676033,0.425646214794557
114.14577240363501,0.495622091674096
113.50652008969,0.48619423635635206
113.64256787617701,0.450327934520062
113.020775583123,0.561562606959228
113.330312053864,0.6025195384528079
113.681379459267,0.588904501772638
114.313709047434,0.565267983509258
113.254558333205,0.440070677524734
112.881382116352,0.44394954154552707
112.738942175107,0.509360127330472
114.023268109214,0.45777381241235704
112.57900477889,0.55870991848746
112.82549945026301,0.47992455869440104
113.691614946419,0.614999854217396
114.206823109167,0.736225182024557
113.838758212976,0.599486102012112
114.230650513359,0.595291591910963
113.860008528489,0.5779898503422671
113.89076600855101,0.453488175017886
114.574820046922,0.369594797514306
113.284032824818,0.582497299608968
114.54651891286001,0.5641125686651159
113.845507883345,0.859788128991835
114.129355710732,0.7978584969813779
114.51319543125601,0.79161514826148
115.012804344326,0.812599938218606
115.358570500813,0.6642484404129361
116.14258130956699,0.7313554820669951
114.81585127307699,0.836238949336197
113.852632969568,0.8975911752641299
114.56047993187799,0.7353612444179559
114.20832785080201,0.8193319594705271
116.02595938255699,1.18550728419455
115.62600359371001,1.03974103365343
115.542499009352,0.8861721170759591
113.72582313726299,0.738505574693869
115.117537494681,0.764742580341582
114.43489199270701,0.805652600882239
113.91477761958599,0.956755887351225
115.01583508611,1.4243054687085899
114.32337385429199,1.03334964923574
115.734598954771,0.874338703828977
115.443082916231,0.8935109325158399
113.50278138906,1.01306323456286
116.323034195023,1.13305676998239
114.78219738585399,1.19937309200773
113.998357468599,1.1723405978670098
114.70748826373699,1.3616619152776297
117.35224071853901,1.88358059269894
114.494085960372,1.40753495773877
111.776578332434,1.41035210660057
113.551394104115,1.4376700952286399
114.69690945393499,1.4626920353732402
117.198754545529,1.53286096631158
110.62840077956001,1.18498559781512
114.253604765657,1.62275500474524
115.083921536908,1.9428692164388202
116.151508031019,1.6333566409158102
117.127102073367,1.5327195480815
114.30517457271401,1.44828318406226
116.311284748886,1.41713422907352
113.860633597816,2.06708568099159
111.58565718382299,2.01360807390774
114.395948757293,1.7193427215486001
115.694705304361,2.45309542828346
113.853508010901,2.1185227101986
116.894951062329,1.79199837024904
116.438420578535,1.97511333723076
118.394193203557,1.8563441619663603
122.621813212549,2.46499644828688
119.211007025085,2.35674751002653
116.667999661845,1.9745876872555501
114.50678334538,2.1932663498753797
120.96327108436199,2.4122654068330602
120.778271921621,2.4736677617460803
119.713629121375,3.3354752437138098
125.912557712794,2.2535652541264906
125.144186311798,2.68722089261237
120.697804780773,2.1858208320659798
118.79120256503,2.3278259092032205
130.123591306752,2.35225920170429
125.217856036501,2.04745896668734
125.936338393472,2.6714820871619502
128.60481269712798,3.95963808663712
135.072838816299,3.47683553912323
131.77412209166,4.794188790745429
131.189603015969,4.24824651819729
124.556660212145,3.86072098224266
136.061177849866,3.64169653921582
140.15661429183902,3.80491755466509
129.22746584553101,5.785156705464249
133.771989099446,5.0496472758632
128.475959226529,4.822767724397809
137.982621074809,3.65432951685071
132.28540649478,3.64179003727564
141.324990071944,5.17028198429961
139.842270262904,6.761058237332519
137.014319124863,6.447561654202781
127.78703613784701,5.433485494037599
144.146129700013,6.931586920135519
144.753884232836,6.58690191758647
134.37347280878902,5.79510039540033
128.813679714647,4.5488660284659295
138.002165848083,4.05491720136218
140.69115413108,5.5953154234206295
146.79292743387302,5.061395421272731
145.834194556598,6.06301889150088
145.961224883028,5.81880840898317
141.270691382958,6.516223809527191
146.134086702711,6.157958907131589
145.94215527049602,11.065644659537302
147.386432919795,9.531266430236279
141.585292613483,5.93527121032505
144.660302543738,5.4424649522479704
149.679661454544,8.90327889461057
165.590397480931,12.213619975334199
150.401708425318,12.7573777106452
162.89468340810498,11.7204992514808
163.753639034186,9.353652148570381
146.44166999368,9.87239461331485
159.47811427334298,12.442173358092301
177.125853403628,18.4092642355601
160.61151971526698,13.5261091258026
161.198760527511,7.86831088882984
156.859858148156,9.74453133484298
172.155501595435,15.834371588120801
157.473662260478,15.8525673107651
143.33335772979999,12.007371891900899
170.916798016704,13.326286973553698
189.454914145431,16.5799465975529
158.26631990647,11.222763378781
179.314881280452,20.796645601037604
198.999054602261,16.0942574881879
192.381574609105,15.1719986867797
212.950907529329,17.962683246329
171.721493682167,13.521311926844302
163.427457262225,14.088426485513502
155.842733712358,14.974511939063099
156.148633853413,18.8667074820728
189.496521426306,18.669480897921897
166.876408078676,19.058510856979197
191.947571129192,25.0295888314424
201.575449689598,32.0619787138749
160.187266592744,16.0932733743573
0.09755096871709101,0.018241109953405
0.08843472883886801,0.013290288349511998
0.07866905410712599,0.013572136992415001
0.075194138271942,0.012233414513985
0.080366238658133,0.019915358762808
0.050276384666185996,0.010268182663989
0.072705937944403,0.009075051155571999
0.082182920479849,0.00860254113854
0.090295491272641,0.011663986070691003
0.07589235016359401,0.013834206398807
0.074456719272829,0.012148104105234
0.065412028253635,0.014800677195674999
0.050527680003571995,0.012094257465731001
0.049679312287532994,0.007910718869000001
0.074418715057592,0.009647258321206
0.064387230284781,0.012731584609073
0.044641991143913,0.005339430664366001
0.045775599508978,0.005433739047212
0.044157576107675005,0.009465491506591
0.034578598910075,0.007631394493255001
0.032271496365013995,0.003635834748133
0.039980666779197996,0.0025274487748610003
0.051726338625480005,0.006066132925624001
0.039277933984138,0.008329150752607
0.050821450730865005,0.006213326666575
0.063107748132323,0.004350370491786999
0.068176972901593,0.007236207963716999
0.062072553090883,0.004005867482237
0.063885918031392,0.003244932962181
0.07408747226714199,0.007243865637198001
0.071005835287947,0.010308599701858
0.085813874410627,0.008061243982841
0.07260933038483,0.007410851742734
0.07111545563327099,0.011194662457896
0.072666912492672,0.011834954245243999
0.058509670139103,0.007582752023011
0.079923006755258,0.006036402465301999
0.07203561746875799,0.006152198428024
0.073187291092843,0.004859702094213001
0.06844600887782401,0.00699926204884
0.076045742632066,0.008155181067878
0.054807333431189,0.008905797961810999
0.041272580292969,0.003779648878873
0.052148722204904005,0.004839922853737
0.051728894389553005,0.006107830847141
0.045512095394692004,0.0037887154201879996
0.057535747954032004,0.004054044462389001
0.058944714699489996,0.003618661944759
0.052515016745048,0.00466804796099
0.047298525580194,0.004736813431057
0.049792623860543,0.0055648209894549995
0.058243419960797994,0.006476093841319999
0.068418058469281,0.007639237115173
0.06826865758062901,0.005443525969012999
0.07741802820242,0.005751184148542999
0.086621632004997,0.004287350452047999
0.10434696553368102,0.006491050075496
0.11809390348048199,0.007348297198444999
0.11106471220433699,0.006221036086308001
0.133479145521151,0.006514958117638001
0.19719466998024898,0.006878302593708
0.34591509710080603,0.009222916064257
0.6964826300018381,0.009050315050834
1.32596739337702,0.01264914776326
2.28160575913127,0.013521270396603998
3.4773569659637795,0.010291811817984001
4.77807128195679,0.008084449664640999
6.17176761106725,0.009983022122126
7.586119240426919,0.008428336195172
9.0173432540579,0.010662460409701001
10.4563036174676,0.009656146804418002
11.887770765619099,0.010532789325289
13.2826380977474,0.008163374546124
14.7657575619141,0.007003513198250999
16.2927953192048,0.00758198471562
17.820066831507003,0.010821505540725
19.416685939189502,0.011393687828741
20.971086961877,0.014005183448
22.483027991486804,0.009722672957906
24.0406210369719,0.007391143774538001
25.6666102006347,0.012976178365468001
27.329259525956697,0.013868792995700999
28.911843392923103,0.012324194133738
30.434956705425503,0.009824394616629999
31.952031946820195,0.008728157405993
33.3967748573181,0.011080854695812001
34.8403722503731,0.015439542967104
36.2056524890428,0.012657968287296002
37.536958129488,0.01577026984805
38.8136929845563,0.013760090022211
40.0386969193137,0.010461565152812
41.1554700743602,0.014046393852240002
42.2862570495647,0.016778377552991
43.313177451361106,0.014867029994423001
44.30657328283711,0.016741838247735
45.272619995875104,0.019558725432889
46.184873632152794,0.022533544158933
47.1123021836718,0.015125270978803998
48.0249121875825,0.015581855396751002
48.9392926734035,0.013246755626057
49.776170844328604,0.014971896824478002
50.57069319111729,0.016655870433778
51.3775027515699,0.0200747932176
52.135955431565705,0.021156726224049
52.85073983226071,0.02223733293743
53.584677680279206,0.022979223825547998
54.25477197012339,0.024219512854791
54.9011078401509,0.027198108965972002
55.556851443221504,0.018393023189867002
56.1749524096469,0.024801510471071
56.740341441604,0.020068247467551998
57.3547930956176,0.017460721465152002
57.8758556894562,0.019500840270105
58.4665159962319,0.017562368884211997
59.0176331660779,0.025350862983179
59.61595310711021,0.018869903835133997
60.1668058928391,0.019655009179753997
60.7293493623149,0.018004124209171
61.3137782380398,0.022637131594762997
61.8370550447534,0.019394072410183
62.3582930245417,0.020019953091971
62.8648713986947,0.013814948927071002
63.3639456343999,0.013916626650882
63.8979137922783,0.019754961625821996
64.3783940807679,0.017435802271544
64.86149031975481,0.013071821204663001
65.3228890173178,0.016087760282457
65.8036796281827,0.017984512612062
66.2991454605966,0.018072489444387
66.7451902458374,0.016821698871648
67.25645825894529,0.017507909461362
67.7086462499199,0.020795895843139
68.1986095626441,0.019880679148821
68.6884228872825,0.020200499943727
69.1515291835404,0.017591788780286
69.5711466097225,0.017765336234451
70.0430497469619,0.015577637225213999
70.4590251712208,0.017211749212356003
70.88338561710279,0.019495000694846002
71.28032094124241,0.019171353051224
71.6822336283108,0.017595601773111
72.06077314532371,0.018069113066473002
72.4137173886708,0.017347522866919998
72.7633569921569,0.015312024592172999
73.08185891619641,0.014981629640525
73.42698464412241,0.017740376611666
73.73640844080751,0.018401149798365
74.0390878323865,0.017566182029468996
74.33541890264179,0.017891855514637
74.6582609384627,0.020512574945179
74.9046635663157,0.0235838695525
75.18943249830609,0.018819246516603
75.48945592944351,0.021310122436736
75.76089141217591,0.025894687308718
76.03046457439629,0.019304608673568
76.3008293841248,0.021139235856597
76.5600500548029,0.026782226627005003
76.84149371653909,0.02402421250478
77.10974725602759,0.033488151116163996
77.3984802674084,0.027660790954383997
77.6166767184727,0.022969558881948994
77.88549851590659,0.015720349009175
78.1417801689805,0.020124698078203
78.33583479951841,0.03014407886248
78.66801761002209,0.030555472382851
78.9585107924052,0.029927596676227002
79.2129307069973,0.039370781444716
79.4518558283143,0.034177347716314
79.7580277858537,0.032469824997849
80.1605530410058,0.033823542331754
80.5629868300846,0.04611201556923599
81.19035000258309,0.039705646446986
81.481299943016,0.036328610664539004
81.2006021643954,0.03315506159904799
81.3009633540288,0.030503581276832996
81.6296751564626,0.040142828690507004
81.54072507127391,0.032124571295255
81.7602749248283,0.038589549254440005
82.3784177271021,0.027433060184866
83.009162806741,0.021757225920839004
83.3842308588866,0.022477930740936004
83.4995750268475,0.033714958228511
83.9161920041269,0.03638725542044
84.1428769242797,0.038163092312258
84.4242903347178,0.034207098759201
84.6593189357185,0.036359476304048
84.8650863228211,0.028965119273953996
85.1889382408107,0.041328009325477005
85.50613953825349,0.040566654611311
85.9072029653636,0.029740772050099
86.18978534438601,0.033314500650380996
86.0628816760346,0.034997798858338994
86.418721642185,0.032655034749407
86.6087935215938,0.035145774503677
86.70279621384229,0.033092093444046004
86.8841436673383,0.023078530211314997
87.08393969628679,0.019735077770238
87.40934869208479,0.018638307711858995
87.7770200127264,0.022961246295932006
88.06362574156859,0.037172310742125
87.9799318465618,0.028149077397034
88.11914339401841,0.029850193274108996
88.2817383650197,0.029120868328281004
88.77463953405409,0.022404303294508997
88.7824375435178,0.019838913851562
89.1060727105804,0.027111345523287998
88.94147123098351,0.030472433225403
89.107148899188,0.025934454892265
89.3886752885577,0.021046558870155
89.7446672674052,0.028611401200072998
89.6494336293688,0.027116356126267
89.7473277757961,0.023616444900194003
89.77275438952731,0.025242320728007004
89.8607189771739,0.025590911197167002
89.94649830672691,0.026420535570302
90.2175012663415,0.025504701030906
90.5193304680148,0.023558149321157996
90.3753347910458,0.028840472393232
90.3125450779449,0.030465019119847003
90.515056952191,0.040399381356169994
90.58723686163309,0.037781564585551
90.6019582847221,0.02694490797334
90.7344591741975,0.029299896647926
91.2131089356896,0.03059358726888
91.17676239186301,0.029577207521492996
91.3458015430519,0.034112891058802004
91.4316934485744,0.03218940101171899
91.4031876524769,0.028139322790136003
91.44866062365841,0.042238695815031
91.5429912276915,0.031259856714638
91.7715350961736,0.026780527147669
92.0954484128879,0.024630228482365003
92.19793686460359,0.023218431518337995
92.8035485656651,0.022208774517052002
92.4959308299568,0.032726466086566
92.9107014043019,0.036052280188081
92.63171008804399,0.030588244184938
92.4962355004369,0.030818490142821
92.7042546720805,0.025588855222096002
92.2035046538156,0.031907684304538
92.9963289562272,0.040641809620283
92.8624622270476,0.03314721402865
92.6900058125903,0.039490857784232
93.07457510947451,0.028763731433111
93.51637439107759,0.032013516377598
92.8803067830703,0.044147232520367
93.40616421767331,0.04718916148002599
93.13355856745241,0.045687600950031
93.07518826341409,0.03958959998214799
93.29024530492741,0.035537917005542
92.5648118799517,0.041362218605693
93.2355643660891,0.032447501577447996
93.40862559548559,0.019321917978733998
93.29782534283659,0.018973276788362997
93.47582574436841,0.044147743601301
93.58324105390741,0.037162733808169
93.519660114839,0.040234055485289
93.7108413124287,0.034090181826726004
93.5498531050977,0.029486560496294
93.7431545244559,0.024303630188810002
93.95284322541771,0.033516111468316
94.06235582233678,0.045396584056065996
94.17737286124729,0.042969809762535005
94.4427675134376,0.04762172576050701
94.3585017401712,0.045592275152262995
94.9192999449119,0.036402175663493
94.96860758575069,0.044316269577249996
95.02200963061041,0.044409869834891
95.40483588322572,0.041854090561795995
95.1788428572034,0.034249371151666
95.410283065526,0.041686241534062994
95.62926554634251,0.054490068405594005
95.2874827900028,0.057227190951249
95.7131949021533,0.052401424300877
95.83896400195209,0.04699686204165
95.696802409468,0.045126286842914
95.9450917063755,0.049576492724604
95.61320236533008,0.056268901095614006
96.03225050565919,0.045863104857386
95.8959088116772,0.044925028092374
95.76207380119459,0.058374586903991
96.1111515648876,0.065112205548876
95.67799653377409,0.065368049570331
96.51076285325192,0.07342433893354801
96.1733264929531,0.055724977087877
96.913525333311,0.04884533025849099
96.5075839622988,0.04806205864341901
96.58252767595621,0.051013902154684
97.3544116690223,0.057695834016597995
96.95918468590429,0.05329324928840701
97.3842388452463,0.047162009755183004
97.3467158163201,0.05201308395871201
97.240745979283,0.054374960670498004
97.214485024067,0.052534772968803004
97.63186793745871,0.066620210787905
96.4223228114094,0.039713785189756004
99.4602781967295,0.032153256165645995
97.58139181386422,0.04447341384077099
99.6710450109227,0.043406803201413
98.42143116490419,0.057391725992846
98.0920683457115,0.050458342106623
97.5162722599583,0.061926866892537
97.6984591686878,0.06238288165284901
97.96000821348221,0.061832626748343
98.17654226961159,0.066905790842841
98.1452870632624,0.065785159809317
97.81867414438891,0.069122079161544
98.1616678613604,0.071814372229259
97.6740049392357,0.047955269866470994
98.68968328073959,0.04923279140919
98.0592250450892,0.06477242065573599
98.7710930524013,0.075166507374024
98.50499902091092,0.061417967936065
98.6087736814538,0.066521512694485
98.3725989829997,0.052657902183135
98.56655808159559,0.063572637765854
99.16357965228701,0.07326797735356
99.24843147472441,0.066486012184129
99.12080004132879,0.07676122259738
99.1438747903043,0.061322071014641
98.2874167874341,0.058183153040573
98.70810571384209,0.04626888627689701
98.6700725870253,0.064985473999725
98.8421510742502,0.06635883170146299
99.24963015880991,0.071451031261067
99.1148145451893,0.073313405425063
99.3219048569291,0.05826564772076099
99.21530993344841,0.08929313818879599
98.7398653907847,0.10083806855151899
98.8111179274934,0.09174368840539802
98.78464979828252,0.082585796394262
98.61905970686442,0.077922802069444
99.2097544419164,0.070261954164339
99.0543269121891,0.07386292110999901
99.1297245431262,0.07321578606351599
98.9747484025507,0.083191083421023
98.91021939017469,0.07560382039661599
99.22010315650921,0.09027451898383002
98.78779522923679,0.077102574303268
99.8312765375996,0.081618588723192
99.1788236680859,0.114625405277896
99.14692280021679,0.092951198643667
99.4402960147752,0.07823233109638901
99.1256975342975,0.08827065105908301
99.4686872002235,0.11574789082027699
99.60234374859671,0.070014491616282
99.96443248325609,0.08565641572489001
99.7137336574122,0.095441753730196
99.5204673762932,0.084096202546959
99.96926189741959,0.080041760417446
99.9184549768126,0.097679751377517
99.9104467392958,0.064108398006068
99.93271781111471,0.060138834645385005
100.09930468964501,0.06325785323514299
100.00087837036301,0.052315831456071
100.095677895444,0.055000523737149004
99.67695465637041,0.058452625695092006
99.51860981541901,0.05466946139509
99.61874897997559,0.06587378449403701
99.74778821928409,0.06761565679713501
100.27761907841699,0.07025765953890599
99.9468729438192,0.060420624456063
100.027123243554,0.06120981438163
99.76399833279949,0.07705032442300701
100.225004786372,0.047688060454908
99.17098359586892,0.036930678482491
100.060186210284,0.058881056413858004
99.5825516995036,0.069626596958276
100.25152862446,0.06804264913022
99.8200968863088,0.078964329946552
99.4673766594088,0.069509014786831
100.074798909249,0.042874366281853996
100.216531844392,0.04670817533252
99.9091303781177,0.054244443299180996
99.61382712686571,0.04794129688044001
100.23700017578399,0.077254002173832
99.97453061533008,0.06042617890766299
100.17241810032499,0.055825656594762
99.704209221403,0.032821603497176
98.61072253020109,0.028277454508072
99.2903940328215,0.0321456944461
98.0406007821747,0.030881772191166
98.0798988894458,0.026238238965015002
98.08151421708641,0.022851984207386003
98.5185192442726,0.029821762554718998
98.2333660050947,0.022162793081306
97.599821682663,0.024039808877345
97.633904677067,0.022643899627786
99.25235449466379,0.023226747907997003
98.49721221443859,0.025658150183363
98.7489724387503,0.024490949108152
97.0311764161582,0.018103313532284
99.53642197378159,0.021997350093991
100.56881682534599,0.028485026281073002
98.9647512555253,0.023112494138535
98.96985836751008,0.019944646475563998
100.218402432304,0.017128837345601
98.92433830414579,0.012342004272956
99.347535217252,0.020396979210188
101.22474550875401,0.028010942243124
100.690242034805,0.033454497759310996
100.21477132295799,0.024558999129560003
98.43526415109021,0.019654713627448004
98.55497901269258,0.023638208937578998
99.1003420209995,0.022300602525355002
99.055523251955,0.02308045581474
100.145145503542,0.035781245980343
98.3629866520985,0.03306798693602
97.8278036391389,0.022120373682211005
98.6460250127919,0.025066971674938997
98.0583637294833,0.033028809732797
98.78898834993629,0.03423478356038
98.4601251837595,0.035520379840831
98.58203503599078,0.026729979984343
99.97024976087721,0.02688457820547
99.3494986664698,0.030909958021898
99.697422247477,0.035398570338428005
99.55030236814821,0.037503830232809995
99.473711099976,0.042480034256232
99.73388028927549,0.045022905109043
98.5987052431444,0.032946507210142
99.6882277294579,0.038544419619552
100.485704663324,0.04591811642245999
99.5237455094762,0.036405429234159
99.71307677054729,0.036613097836011
99.4642095903923,0.039913226130394
99.999890204247,0.043534511353051
100.935970538291,0.050837903740122
101.28144305299601,0.045984737900362
99.8972839079496,0.038476708715379
99.90254883237681,0.04638994074281
102.10993793979799,0.046082439393234996
98.5557364802882,0.052373675017310994
101.02710855120199,0.04464475940725599
103.947429700235,0.038775295857047004
103.62130252491998,0.05260837983571599
104.18726467180001,0.06494152513154401
101.95164588674601,0.06860003097443
99.9420446112434,0.066640598132846
97.80686076882179,0.071946966471235
97.73579584978759,0.054994577302195
99.1680437285712,0.081816961423974
101.867167234009,0.082793760317071
103.73980673336399,0.054898383699086
104.148149523114,0.065639865609185
102.623466662911,0.075115109390239
100.696101549805,0.061141236722423
102.59710380252899,0.065229707201831
101.631891919248,0.07629717457365401
103.593659652713,0.08452577801398199
103.115686519277,0.136083278799647
103.961811065638,0.181262821813928
103.86414823432399,0.18523669774139398
102.588542963053,0.18806958402633303
103.66887007361,0.140709398229388
104.309622853794,0.18751438337528895
104.73331692411199,0.23576384015192003
105.23554085334,0.217649487290513
103.48827492099001,0.21585407897661898
103.18058010325701,0.176345359921601
104.39005222022499,0.155907295668469
102.227387155725,0.128971170532036
101.320037770723,0.163564132814886
102.116216429273,0.15093910502831198
106.46781513124901,0.204117379896936
91.0435156383522,0.08228127017941
94.6401999695977,0.015176339624506
126.724182152012,0.030619179143017997
121.87231901668899,0.149963536829254
107.135159889881,0.19156103809585
107.13174867650801,0.244343740277315
104.570843262956,0.196815338683719
104.369423395537,0.21403615564818199
104.625853828637,0.18708786306331895
103.95176672788901,0.144857378671096
102.87075049891399,0.14889104824024302
106.01440391550699,0.243617416808745
104.94592412349199,0.171649805377809
104.313173269775,0.17529890253717098
103.378911109499,0.09359921136557499
103.93156685104799,0.09069468103208501
102.784494579739,0.086513491572037
101.313363281009,0.09268668247899499
105.39083120211399,0.102813033547286
104.408621648536,0.100844500529767
104.65905791559,0.102670754505978
103.35689334558201,0.080733802663002
104.264737695079,0.083211799239302
102.37733928392599,0.09135450614397198
103.181486410893,0.080425900870885
103.13097190747101,0.085526596974023
104.132942042575,0.071355898545196
104.585196048826,0.06683076230590901
105.053369935746,0.077519542072041
101.783429102997,0.068892658111677
100.03722770847601,0.056765912503285006
102.947018506893,0.061016920926889005
104.43636731790899,0.06104408514642599
104.092590098343,0.07525618846432
104.656185173423,0.089648358511589
104.140831360544,0.08182050528845401
101.65186805582199,0.07660542735371001
103.611632368766,0.110032462869571
102.56703137505,0.09091427638821499
105.129755554381,0.113348248983688
104.532387509111,0.09183610967409801
103.652935927239,0.0690984994475
100.374885074296,0.06388381150476301
104.566480406477,0.08388616381562201
105.227221998471,0.066905089358023
105.424856821283,0.085522536562233
105.86296020009,0.083413587737953
103.444424657662,0.115389523649048
103.67069127487,0.089834668047134
105.793127151158,0.09042193846157001
106.71299665036501,0.103927589701144
103.643718003842,0.080686106001067
100.565614686168,0.06720168476130099
105.51807843597601,0.07506222885794099
107.118222520379,0.107288347341341
106.89511129378599,0.09727794913586099
105.510432320485,0.087600441675917
107.710734497389,0.09620441953554301
103.753475869566,0.096164279396377
104.58714817987499,0.06541209630658401
104.687329904401,0.070776091941665
107.26957751196,0.081609528135973
107.64712839559,0.10730066812059
103.417850902036,0.096927570924846
104.39349075405799,0.09829852368793901
106.56067198022,0.075145161757262
106.054219977444,0.060441032357182
106.782850679402,0.077147028411292
106.906613815571,0.087506486754202
106.107098319913,0.08872708117530399
104.18726467180001,0.11383916438714697
103.971057279774,0.08056784404533099
107.624674250167,0.048098626256008
105.531518405985,0.050618791596484
105.471399427709,0.052723904998096
105.35207389906701,0.08536574524554
102.575703043186,0.06911837236412799
106.218182023594,0.096490671298584
105.91027764256,0.10145602441782901
103.503388254926,0.074640817992431
105.424046559844,0.07583107685176
105.961455425875,0.08928945866172198
105.65707937427,0.062023752427009
109.62421633587401,0.06792728753237401
103.28497108386699,0.071966956751412
103.368355616816,0.11458208747094
107.281827071839,0.109387151916086
105.437011490182,0.088382940099371
105.05590753883499,0.079061757175521
106.245008727582,0.096661561380556
106.034542920322,0.112549657561654
107.171043023384,0.09498355998175999
103.496683571267,0.1029711418087
107.56359904757299,0.078552256305912
106.113040044993,0.090877181642864
104.02712292195801,0.09010879024655498
106.336153458762,0.08806338607095301
108.786220076385,0.08552365301727999
104.825121388459,0.08831991778120199
104.28317033319401,0.08088753633979201
107.75142426676399,0.059248790849295
103.570004121763,0.05764917469154099
101.453731335185,0.039947333607065004
103.10413906182801,0.06456719530430001
105.308358892317,0.067429414187377
104.403233881677,0.048027803590257996
105.669492857733,0.069939590304675
110.792622238647,0.064923691939802
104.156726149318,0.06498852954207401
103.28746597062599,0.071841348474871
104.73446685839501,0.07339179986102401
112.224318070577,0.082487720176736
113.616492938694,0.07926005738420899
102.643186904613,0.06924166184054902
101.48815728703899,0.067016633126404
106.736549696126,0.067298977005352
106.957098696138,0.071697726517337
110.05825905868,0.075304545469186
109.189967177837,0.06383522085847
109.36658207168001,0.072739500578422
109.696819135536,0.11503514953225599
108.402650669732,0.102428280228057
106.733151174612,0.08481600406760499
106.25469133218701,0.068145691841268
103.65896785169001,0.072181624218873
106.67035660111799,0.069100158429327
106.08345122155599,0.048399890560973
104.97404309021,0.052976157349789006
106.307202744666,0.09310081748472301
107.217297043979,0.116512219565426
108.941128022322,0.08301369433360499
106.357638115478,0.08747966359756
106.585829768111,0.072120404936028
104.439348696192,0.06338255723283401
105.005397704286,0.07623900349253099
108.438005840809,0.107390096149951
107.824444140184,0.08900162519671001
106.65489793607401,0.094614273087158
106.076928811549,0.08827999841393198
101.704449722882,0.071148062323742
103.638255917549,0.103944460846091
113.21601677608,0.115745789981688
108.476230961836,0.11511574265817899
105.666360345831,0.098610012902408
107.392489813977,0.10456382063452599
107.769053385077,0.10305636426711301
105.99089384858601,0.09756963910791
108.225334683748,0.11411341296765198
106.97542003409201,0.112106521051045
108.335186440332,0.13148687025012298
107.04380041754,0.096565578576813
102.701129984974,0.0750460035319
105.11682840538602,0.08992926028169099
107.563362847176,0.11797718096498
109.403212582796,0.12949464403240302
109.876304716746,0.11102617473386
107.322119142667,0.15739394605315699
109.83179772740999,0.15108972394285097
106.88020680565,0.110533477038579
105.491319455671,0.09054408146958501
108.92103492556299,0.10707852922279401
109.232055277703,0.132738479560989
106.384616846603,0.137956764445455
108.56547532037399,0.137199547053088
110.874033081432,0.138766846659956
106.044788506286,0.156884289843143
105.692003266779,0.144961461774704
110.036268492302,0.139554492028586
109.97817171580799,0.20851978097788104
108.926057852291,0.151284672178216
107.71629294902,0.111687060400438
107.53431415337799,0.10124495717923598
105.89574300865601,0.156138265660597
107.79402304402399,0.17099069635448702
108.005846640338,0.138547310115127
111.212973524895,0.176749132800725
112.13009618035,0.1706147157725
110.10201160158701,0.20652946116140197
106.817912120926,0.13163656161076498
105.066289280691,0.13875269161327697
107.86861143220501,0.17600222734413
110.376041120023,0.21636284929272898
112.658264775539,0.192059871765484
111.315957537517,0.173964731786854
109.899228628403,0.16607678550080898
108.176507851111,0.15047481980642902
109.091225776871,0.19487016496922602
110.88243311781099,0.182968635460504
110.80770732743,0.17278434526512698
109.76742115948,0.155717105964762
109.21646520130899,0.155543159504076
110.111924814556,0.17659560554712
108.99676217395,0.14083739776649098
110.140944225834,0.131230104170309
108.61578952194999,0.160472476471704
109.86170829689699,0.16820720259497898
108.99771956920601,0.159759535687353
103.47884440987801,0.11897180327820901
100.562191822551,0.12249304514149699
104.741136726224,0.15834617203028303
109.624697788131,0.096408546648929
109.70645495989099,0.120953141314562
109.77477312767401,0.15818577952083301
110.479705742731,0.154232162785771
109.429161611438,0.17560059455399402
109.25448490600401,0.215283748748872
110.52423258071998,0.157540308089037
109.163235869709,0.181261319542451
107.449574609846,0.163255762355071
109.09134555453501,0.19709111559296802
110.83934402094201,0.17823615487066102
109.949074471509,0.139921324963527
107.735808933425,0.210575878299958
107.673724889669,0.143327057327804
110.27683253753,0.141470424943477
108.421100583262,0.17764551170949
109.240091032234,0.18388429331365
109.10679797599501,0.18728474602815803
107.044388067208,0.16179268199404598
107.744444406243,0.180688841573936
107.149511701325,0.138514484195363
109.195002506458,0.17277964269828197
107.46019289654899,0.18760953725919696
105.058214503925,0.158202362132242
103.57512144695299,0.21468239436307102
105.558403481819,0.172626679887642
108.821580865767,0.19436029410656003
110.312798966912,0.205051575917053
107.107990823917,0.165823966094025
106.80618460522601,0.17274187833161
104.854704615875,0.146367943966887
106.19882435034201,0.138713684866736
107.73829303962201,0.188114102550712
107.719131417934,0.15812911925662196
108.674956403594,0.15236295427802599
107.68259184788799,0.21262440188146597
106.30510178998699,0.17117419176842202
106.401438219498,0.131406127142896
106.12900279703399,0.12905522496811803
105.86877201451999,0.25493944037013394
104.21598133548001,0.199186962356035
102.885208830334,0.209395489781178
103.91707557276199,0.22987018732930803
102.296663556673,0.23364794934098299
103.95267980940099,0.259984166679031
102.647131407665,0.168865136592
100.444450052092,0.282028606532167
101.067159884393,0.266097035050406
99.3949961041716,0.161512325914637
96.751390444666,0.198969565937383
95.6890274652248,0.180646974528066
95.51153152481041,0.200283948538386
94.458945194788,0.23635117657485702
94.29315171759659,0.258956985142964
94.4045121019783,0.27207942841745103
94.24233222018009,0.26049584217386
96.6945746311886,0.22361175003641
99.2418934527339,0.251831468855015
102.865329148473,0.24105923758970801
104.50714067774099,0.239964230249311
103.66477248775,0.23046978218013298
102.435694639688,0.22284298611247302
101.955339928745,0.219376609411656
104.99663591354799,0.22177890630923103
107.260391259937,0.291533905449484
108.834007655373,0.325712220297223
110.515252972999,0.343467997182539
108.561064997137,0.189613037038517
110.111803916339,0.253675550952051
110.55408895368099,0.308708664060802
110.12159710200501,0.34584511769115595
110.71443168290199,0.299946166272409
110.782891013186,0.334286552589957
111.44986920559401,0.350273926284227
112.272506496163,0.41048125261929497
112.318865777146,0.40269515223278
111.782469335819,0.37869759825234794
111.21431671208201,0.32900053331427104
111.00546303331801,0.358738613839232
110.783499189736,0.36758412323243
112.69822504161002,0.325387757636529
113.243740507475,0.297072644385829
112.475963697093,0.384006855523909
112.004221109282,0.450948884893326
111.89765169594901,0.40099229680777104
111.714618879711,0.325170153249974
112.218034148779,0.24310292920139498
113.267864432477,0.31691184280088297
111.515232498271,0.24741949384504103
112.114584870291,0.25532135113353605
112.98454650376001,0.42053254541218
112.947708976736,0.289976951364318
114.105925285619,0.38555944355575894
113.496176652234,0.429251541397072
112.937168460872,0.433340379496422
112.048993299571,0.40693104038152
110.685747284079,0.348914209136208
109.65984951461999,0.369995091501726
112.03250914837099,0.39192618323813
114.20519299476801,0.335588993506677
114.42948939726999,0.373738884715298
114.975684238138,0.468144329447424
114.981743845214,0.42958385135664096
113.973201994324,0.47751641556931895
114.73280580522699,0.424051599277234
114.07423295488701,0.521173442689913
114.333165011233,0.404976320121864
114.756994943666,0.583714126846433
114.810178578324,0.5911021140454711
114.11494605623301,0.44345918093800396
113.920155913773,0.49289041925521704
113.854508066373,0.5880488062554761
114.061458299589,0.5029306033874861
113.877386734153,0.468361382539947
113.79414545904699,0.5479756703360971
114.306931618362,0.552433959526598
115.0063642832,0.783647668875409
115.223125075814,0.8012821230360471
114.967479029244,0.45095247566190994
115.142060588218,0.401379842247641
115.904236863382,0.525447277969876
115.206553435709,0.584320845188216
114.53457164417,0.590821704806306
115.34058634175899,0.674462483653277
114.793540290511,0.86335663014477
115.78963410122299,0.8040904654793639
115.516241802232,0.507741799253928
116.25357644544901,0.6735017025417
115.81163005566499,0.7821591925119421
116.61766856595,0.8869164669151322
115.003712598139,1.08198019275103
115.70537614360501,0.99589965875506
114.835266616091,0.781545075022642
115.884386315535,0.750051370421733
115.599854333778,1.0086256750165798
116.061634526834,0.7493812644348871
115.91289073039302,0.7932611004857901
114.99234892607201,0.9024257007423779
116.688496914843,0.937450201419525
115.27247460609301,0.938355984486858
115.347931645453,0.9143151756396121
115.821930175681,1.37170775291331
115.133085035581,0.969202539298639
116.598976031849,1.00975946558778
115.67019150885,0.978681223119764
116.281533308034,1.3494317420313
116.371577093071,1.18303416790312
116.430110981855,1.22153406411931
116.98482762965,1.04302506094292
114.763295035387,1.18759538841522
117.73192397945299,1.4937644401432901
114.103043800844,1.3158224334373898
113.647933318441,1.3526722181825
114.648435724191,1.3973851151546801
114.815347022194,1.30075019571853
115.98494652297701,1.5737664329185101
114.41943873560899,1.5412831150008202
114.63874343686199,2.2910178930468903
115.60645455980101,2.0076932103909
117.10614204236299,1.35967372462962
118.23207445035901,1.99781435232289
114.27041572267599,1.6446199104168897
115.865175241239,1.9329110746192601
114.846236475408,2.4822553331265
112.965444064324,1.79490211732976
113.804765957256,1.7229370724444801
115.072802629248,2.2115117097164902
114.769973510234,2.1288038176895703
114.805892728167,1.89178506951098
113.698730401164,2.0893505919499997
119.546553434759,2.13533553402941
121.65199836495,2.48198291973804
118.962447106272,2.1957101545718403
116.704128490015,1.9441760377337398
117.08222904298,2.33811380353558
122.91472134270501,2.6570384702732404
122.968850300179,2.37749865484104
118.846516812534,2.81570144192739
126.776647977932,3.10440765138417
123.898411599964,3.20692947944542
123.80879678247,2.10844388094534
117.738904481448,2.67716831543844
129.955969682644,1.68463463068881
126.431773999942,2.2993629251370202
126.36502075015899,2.49166890252029
127.85608475527901,3.67177951933361
132.903405662897,3.14801578008336
134.175919331785,4.0962467931901605
132.248374500469,4.742382714952769
124.588528901899,4.19029869789816
134.65083211105699,3.7293506511659102
140.12168650121998,3.82977579850505
132.294992935415,5.77100557052746
134.06783034849,4.87035442579497
131.095002406233,4.9711801957188495
138.5108465895,3.91854617951081
133.244425253892,5.322531319621481
145.165948986415,6.34047936761918
144.76659948761002,6.8344466642842105
142.777648472904,6.64198425077587
132.633723254265,5.621794113414191
147.3021466564,6.15169809659688
144.593767679015,6.266256673499861
140.240815267815,4.26175865858704
132.203514328651,5.99350207767164
139.676237588652,3.77394884256568
139.08201350725798,4.62527399945506
147.98623756930598,6.31157085560177
145.909310099928,6.96609165729632
148.93753110480802,5.76813207730659
141.973839767414,8.139964178543721
148.915783578653,8.07869613484352
132.990549878372,10.217704380686099
155.373576564412,9.826681311315019
142.403004894853,7.0047080300648705
154.104622588842,7.1546348357275305
158.603444311993,9.919787426953881
160.351797814176,11.4831773883059
152.42438351277,12.047350733458199
159.443798308543,11.0340304580233
173.748702389139,9.67289489881316
143.868481615449,9.521963567780631
160.237399926079,14.654256338222599
168.319263973479,17.011345966671698
152.314470537294,11.5389631149509
148.527806036255,7.303119658600429
155.889453415485,9.42279118109752
168.677431836922,14.7905313165908
164.971217764948,15.9241816212858
150.000142277137,12.892086818422802
171.942608325858,11.6544446486527
167.71013444685101,12.3127097393029
149.37216517334699,9.31785985785769
183.252974638914,20.8072921630849
193.53493748561002,16.1547305014958
177.735222557589,11.789718960824
224.148516867925,19.2418387801112
167.976979357709,10.010367508070301
158.520227259025,11.9706813451877
175.41884693940497,16.7600649059863
153.185906541403,19.0193403315751
193.97465983259102,21.600571366229
161.977442101581,19.8761660006842
169.56427385740298,21.6754920563999
188.868600973886,30.3514667240658
163.989879639628,16.656654442397198
