Wave,Transmittance,Std.Dev.
190,0.100010540953589,0.016146796575853
191,0.06012117530677,0.008176594582391
192,0.090859272483384,0.017454274160602
193,0.07513174879711,0.009658953669908
194,0.100395275518051,0.012888563056972
195,0.062878746552043,0.00855455117096
196,0.072786928689624,0.010927042272624
197,0.075324779011613,0.009305317649033
198,0.090206704913123,0.00888339252834
199,0.056613021731552,0.006749208341081
200,0.073971971229304,0.007727183433827
201,0.083568087360018,0.011888914634961
202,0.044895527951697,0.010741645129652
203,0.044644785088461,0.006008791641125
204,0.084278700517756,0.009889113999896
205,0.053858185353154,0.006701606231648
206,0.045985107552458,0.005787217613465
207,0.047082878521879,0.004454627283974
208,0.052398904171057,0.006909743360351
209,0.044260966108758,0.004480743715608
210,0.041020087102272,0.002079813650236
211,0.04215395739049,0.002007721097889
212,0.057089096921848,0.004244520623865
213,0.043608264752316,0.005618066882606
214,0.044658806467802,0.004698085581463
215,0.050976923170278,0.002811153773626
216,0.060671566797787,0.00415382436711
217,0.069823218328778,0.004044231973103
218,0.065057628080548,0.007275066898486
219,0.050397753122535,0.009640980294668
220,0.069464745685224,0.009532981419399
221,0.071462043642913,0.010342113917788
222,0.071701203824048,0.006965328982413
223,0.050081076168279,0.005976330753113
224,0.058505430375625,0.009231471486806
225,0.0669018338826,0.006713948126153
226,0.088241037296157,0.007232655196529
227,0.060240640887893,0.006768506415937
228,0.07520066079605,0.007045887447942
229,0.073816520864108,0.003802971786203
230,0.073510877077519,0.00792891658937
231,0.052491554656769,0.008322615076447
232,0.039266464268933,0.003098051297088
233,0.059089409148471,0.003985532060966
234,0.060955207592828,0.003677759872309
235,0.048808626848797,0.003739225595734
236,0.059290351884441,0.004497373584297
237,0.061040598336988,0.005922464756477
238,0.056288059757281,0.003713659307527
239,0.054251734012308,0.003779581943813
240,0.060498482342777,0.004730377634032
241,0.067281126936841,0.005468443083126
242,0.090758172460054,0.006794876473288
243,0.083762465085989,0.007452918844199
244,0.082278713909139,0.004657715096853
245,0.094520673976229,0.003932814605992
246,0.100545189646251,0.00571151308948
247,0.122979246867639,0.005628320495772
248,0.13837328335089,0.007827376531733
249,0.159507008438802,0.005961883542738
250,0.225312903497181,0.004047447828471
251,0.434970856053864,0.005105104827515
252,0.928553253646193,0.006722052220252
253,1.80342180648775,0.005593791957925
254,3.05822098783343,0.007659879768304
255,4.61735668965632,0.013318617034515
256,6.21358995890829,0.012288436718021
257,7.85090771305024,0.015484802589932
258,9.4954740481455,0.019294892154935
259,11.1061175872922,0.019756231094605
260,12.6463150488182,0.020733201621963
261,14.1875045392604,0.018691496958078
262,15.6685834714129,0.020569224791989
263,17.1959033473633,0.018842280627015
264,18.7638772084765,0.019733185462898
265,20.3324796247406,0.021290510363474
266,21.9489614010486,0.021739845964756
267,23.5779295020505,0.024114554684525
268,25.0891842996374,0.030014717870528
269,26.621434681685,0.0289779384411
270,28.3389345521874,0.036173952173816
271,30.0268968645176,0.040170893448651
272,31.6882229047758,0.040827653370139
273,33.2502043811453,0.044726950382212
274,34.7996181189531,0.042936317443689
275,36.2775163521631,0.044421622026789
276,37.7726560929336,0.046713023918987
277,39.2150642098399,0.042948895178656
278,40.5714990136861,0.042397125868759
279,41.9064695207329,0.043460629914085
280,43.1770486092017,0.049962139578662
281,44.3265716140956,0.051082035402886
282,45.4962075891411,0.052636643430095
283,46.5754544020989,0.053658059423567
284,47.5528417619526,0.060538862988915
285,48.5543646154854,0.054925607939336
286,49.5228490960878,0.044530957170474
287,50.4437571780882,0.053633860518635
288,51.3677446883311,0.067566666197532
289,52.2534359426787,0.063461721417681
290,53.0767179938606,0.056559326122414
291,53.8599594033491,0.067091796132732
292,54.6064133669082,0.07315796454009
293,55.3145439839408,0.059081993371678
294,56.061210597486,0.066296290117916
295,56.6962512290099,0.075710875900241
296,57.3333862166106,0.073311031839588
297,57.9931518616152,0.070820203862369
298,58.5346652909179,0.073546658562357
299,59.1341917209092,0.059994111214452
300,59.6570735374041,0.057002554652568
301,60.2378630004784,0.070240119826672
302,60.735350704295,0.072590396487642
303,61.2590715297216,0.068856265031658
304,61.7404488215945,0.068248909787435
305,62.2616928099057,0.066095177411107
306,62.8055396376967,0.074572490136917
307,63.2954552818382,0.07236748007917
308,63.8111181393051,0.076427007668233
309,64.3202467812137,0.076735815652448
310,64.7774396731812,0.072645157383973
311,65.2724163813163,0.063748121531555
312,65.7457608849447,0.067979525853327
313,66.2195569772666,0.075415186907184
314,66.7032120499008,0.070818646520353
315,67.1020785964644,0.070890162273012
316,67.5438837892835,0.073991672317798
317,68.0210777726525,0.07834208167143
318,68.471113865359,0.075380225009298
319,68.9104314940488,0.075023747088751
320,69.3845566150936,0.076188651246541
321,69.8304250198823,0.080100196490449
322,70.3122695664267,0.076171569479394
323,70.7539997364171,0.076197788800869
324,71.2063227612671,0.074874265183836
325,71.6094693002015,0.081553573568198
326,72.0821386342638,0.081967263694507
327,72.4844338230499,0.079894968796134
328,72.9010596350704,0.078549203155914
329,73.329257973177,0.085514991983514
330,73.6757947102204,0.07978783398382
331,74.0795822278624,0.079577314496464
332,74.4424960687915,0.081308612438617
333,74.7809091801272,0.078455831233225
334,75.1148399396267,0.082686442920203
335,75.4220182804256,0.085941528171126
336,75.7564828792451,0.084589459231773
337,76.0458261271533,0.077014201857075
338,76.3349334758484,0.082346086421078
339,76.6207652416154,0.082821397118314
340,76.8640234730912,0.078365151384953
341,77.1787787057027,0.075434335413721
342,77.4323098141639,0.079366768878317
343,77.6810443892059,0.081809229444732
344,77.9467513411398,0.083518473556537
345,78.1983404583173,0.086034162361112
346,78.4193945261676,0.082157702448201
347,78.6728547133491,0.082397169748715
348,78.9320738118177,0.076450126667257
349,79.2200627715304,0.08487995053573
350,79.4122610932887,0.081804621310563
351,79.7177553081319,0.08555802127275
352,79.8697589670649,0.07924867075445
353,80.1465602063987,0.070610687032333
354,80.4290892224158,0.084440702997167
355,80.6282929175211,0.096716962754393
356,80.8859617462003,0.095193071550159
357,81.0920841205677,0.086034855404494
358,81.3744616956361,0.084093672240586
359,81.7324511590306,0.084368990563263
360,82.0730896469635,0.093409051912161
361,82.4373204585058,0.093400713476255
362,82.6533854534179,0.086425982256748
363,82.746183964664,0.081001540926652
364,82.9169797576878,0.080998645794459
365,83.2044329759295,0.082059356785152
366,83.1345757552754,0.089536877821682
367,83.3091002104637,0.087952771984232
368,83.7220090798791,0.084213748305926
369,84.258530414114,0.105065347035753
370,84.6331104199924,0.105827878046902
371,84.687488194624,0.091583232902755
372,85.0078622857069,0.089989726579917
373,85.2692281288328,0.08373475085853
374,85.4678441946215,0.087771764875915
375,85.7136828213924,0.086505911501553
376,85.8543043293159,0.08655918371144
377,86.0861302020222,0.096500485989014
378,86.3328941455061,0.088749271060527
379,86.7170767958,0.074187955328734
380,86.9786362143037,0.086824836160695
381,86.8650667315617,0.090091426503379
382,87.1674511892717,0.080664384020945
383,87.429889071425,0.073761654699915
384,87.4276812290752,0.084352389352031
385,87.6606755900481,0.10265624746082
386,87.7616976468401,0.088782265789089
387,87.9436183888616,0.071339351051186
388,88.2487884337288,0.082824823477433
389,88.7708382527816,0.090625340473956
390,88.6621320696176,0.09149404223392
391,88.6570701540567,0.079430868945222
392,88.7292297417351,0.080497794512501
393,89.1138019900255,0.080742419235345
394,89.2973489569725,0.079381137683619
395,89.5869515220806,0.078572053648888
396,89.4213635565843,0.078734971236212
397,89.5082958937976,0.078542428666352
398,89.6095778049249,0.078040133142768
399,90.1033630677835,0.080433208804258
400,90.0915912001321,0.08354857073499
401,90.1319582934626,0.077948198332415
402,90.1844229488309,0.085755471516078
403,90.2445473452679,0.08726659836446
404,90.2224541542512,0.079010278964189
405,90.3969691568541,0.076258679989431
406,90.8302470544868,0.079899838880804
407,90.8458059250336,0.086654834683172
408,90.5911159234262,0.092331188876659
409,90.8564792553604,0.092835197340208
410,90.9147557974392,0.082768069254388
411,90.8493968120911,0.073974639192309
412,90.9392151329595,0.074804334756451
413,91.3048908098774,0.082011236935983
414,91.5386693837323,0.081276185170975
415,91.5818970066658,0.08070348543798
416,91.6573428824973,0.087163492966509
417,91.6619722519519,0.08277366515097
418,91.7329516301104,0.094377892797474
419,91.8134613725303,0.079933035209763
420,91.8655935604058,0.079217678874772
421,91.9763086623317,0.082787939150735
422,92.1863974266987,0.080247501701792
423,92.8042618292821,0.080766838414348
424,92.6069988900382,0.083840408974027
425,92.9682540240885,0.078849678913434
426,92.9612110985869,0.078748513037187
427,92.2405643247002,0.087023140729205
428,92.850839617551,0.090147310826169
429,92.1568468569802,0.079561539149778
430,92.7317408013772,0.087761004400087
431,92.9889776093573,0.085534488181239
432,92.8944829024496,0.082154455562945
433,92.9199849655504,0.078495367299121
434,93.3079671675236,0.080740654298784
435,92.973664169779,0.080747189707567
436,93.3219011686508,0.088657433095729
437,92.9873440556391,0.077492032697351
438,92.9202910328139,0.081286846069523
439,93.1483869762539,0.094803512179952
440,92.4486175315713,0.08871860186951
441,92.7595406178817,0.076761420460006
442,93.2337217468672,0.082645392000807
443,93.076721165935,0.079083368114381
444,93.1667979407139,0.08882541188035
445,93.3907820757382,0.073766652276796
446,93.2917817493319,0.082093788628408
447,93.521713750814,0.080388075136299
448,93.3270244862946,0.074430712760815
449,93.4003187053083,0.08524830080509
450,93.6818306602156,0.095518493652631
451,93.8416034960634,0.075205614749958
452,93.9115897696868,0.073344321887394
453,94.1879205387282,0.092812444753343
454,93.9822473678781,0.082810485161837
455,94.5433006679249,0.069806094924487
456,94.4909976294962,0.088960633169682
457,94.4186098539493,0.089386311591242
458,94.7587326501603,0.091381988443693
459,94.6941451353665,0.08411902963183
460,95.1431097510332,0.085689334216714
461,95.0425649006386,0.082881056393886
462,94.9885255411816,0.077726524168406
463,94.9256574202612,0.095165949907027
464,94.9321195528549,0.081564189985027
465,95.0602021528679,0.080413961825467
466,95.3198163695737,0.085141291337498
467,95.1418562014783,0.094320595193359
468,95.2815195416075,0.095442019378329
469,95.4855278849185,0.096136036455635
470,95.3600131951279,0.093439562269039
471,95.2841349554835,0.081811001279169
472,94.7073502722663,0.069110960735762
473,95.230481037948,0.08597783312745
474,95.4794474100401,0.085979982398334
475,95.776900076233,0.097607518342299
476,95.4377332155636,0.086060900595374
477,95.7623892299572,0.09773761792125
478,96.2337453950226,0.098811609531053
479,95.9285541718725,0.086585534628613
480,96.132153537275,0.077006571645368
481,96.2520264190186,0.087777853554226
482,96.1293037543627,0.082188246276942
483,95.901278736362,0.076648245826194
484,96.1880052187744,0.102777534784658
485,94.2705848931056,0.09955797124895
486,97.9380692490749,0.087800833135736
487,97.7323619961318,0.087323649784005
488,99.1693503254996,0.084266771891635
489,97.0552565778885,0.07550891373112
490,96.5405435493949,0.073309803123122
491,96.3317426555706,0.070545420711761
492,96.2907133261428,0.08245865209185
493,96.4683862487103,0.100448927347524
494,96.7381127338417,0.086999382500896
495,96.7124122641623,0.07873717743007
496,96.0634656373339,0.090678892622187
497,96.5508258519914,0.089333630435358
498,96.1937083495793,0.068585480881227
499,96.8782046495227,0.080924891432485
500,96.6419303362924,0.084759608470924
501,97.1071664451126,0.094405020924955
502,96.8319455248578,0.103101371425758
503,96.9819691873766,0.106998817375807
504,96.9601428047661,0.09062136269506
505,96.9715344988807,0.097851135587091
506,97.2743831701417,0.101514966854504
507,97.6240429647063,0.091280131634994
508,97.3027969703791,0.097530384530911
509,97.4955031278634,0.096250945635954
510,96.6924513226105,0.093122944364231
511,96.9305519477506,0.072348179418959
512,96.9781359060321,0.078974188320398
513,97.1290259237369,0.104185506891607
514,97.5317984695449,0.108503684807293
515,97.5353323659981,0.084156979595658
516,97.5416508636204,0.103646540980812
517,97.51316731465,0.08386930465335
518,97.0300045253735,0.105555372358019
519,96.9207612789718,0.093604505491108
520,97.1036480619508,0.070516137290558
521,96.8340718966454,0.081910109583685
522,97.4596493185959,0.077528341503466
523,97.0489695876388,0.076720107878356
524,97.3421199722249,0.120570028822954
525,97.1744667251832,0.090349171242205
526,96.9795201290395,0.089101354591728
527,97.5191631599805,0.119301034627275
528,96.9565232942976,0.115897292893925
529,97.8302741194814,0.102867860891628
530,97.1697723247542,0.140066150158928
531,97.2456573516295,0.116176987071322
532,97.4622175111818,0.097282346763534
533,96.8026063620138,0.089862745607178
534,97.5888919218676,0.10296788560637
535,97.5383309240078,0.075084950913815
536,98.0735455254987,0.082978681325288
537,97.6362630602221,0.075252022597944
538,97.1681720128063,0.064105766242105
539,97.7269968413191,0.080087038543215
540,97.7599435400644,0.087510641598756
541,97.7858150171419,0.07076435390083
542,97.5689643324893,0.050801977280059
543,97.9921727331388,0.066415824598168
544,97.8100824570258,0.066665742644943
545,98.0533036530836,0.064945785278372
546,97.6598500252192,0.084469382752882
547,97.2498215355371,0.081050967776036
548,97.3188234496569,0.0828002986274
549,97.7494251461117,0.066524741177775
550,98.2780285900678,0.081677863243752
551,97.8459577540833,0.06177857494676
552,97.89377612539,0.070010478603039
553,97.7048955097557,0.070920313665011
554,98.0447990065807,0.063702067668013
555,97.1024752958922,0.05850404325777
556,97.8406937881989,0.101837979625746
557,97.5617871117466,0.091095040969273
558,98.1604823171031,0.069308663796087
559,97.7590848532355,0.076337117012248
560,97.2992714991395,0.082668882379207
561,97.9052775106096,0.074318778357246
562,98.3015547305392,0.0812306739752
563,97.9330153801953,0.07039552350349
564,97.7031791106787,0.085073625282507
565,98.4996995995941,0.095795928625746
566,98.2058665435331,0.082542562779866
567,98.3959316926006,0.109436023842049
568,98.0693460701826,0.108663847341052
569,97.1726529526788,0.103597835483493
570,97.9391445739741,0.107613914745989
571,96.9652529319322,0.097493861454922
572,97.0124278619234,0.106112619016203
573,97.1087657523288,0.109722030120044
574,97.4387852623572,0.108078750825288
575,97.3024764677152,0.110146677892849
576,96.7743386245461,0.11439188165508
577,96.7325897428336,0.11728478123766
578,98.1907720735065,0.11938035344474
579,97.9325852757372,0.115331918351894
580,97.764129746367,0.116609991537407
581,96.1752272088819,0.114795642564007
582,98.5312840378592,0.114817012666157
583,100.309112802347,0.11215203830369
584,98.1631767565784,0.100432503011868
585,97.7520009746797,0.098352383821833
586,99.4031813070007,0.094598086715146
587,98.0671925731063,0.104160462403349
588,98.2773811612361,0.101464155604933
589,100.243273565769,0.09038786004752
590,99.7620266918036,0.098794072759306
591,99.0482366792109,0.113381580256388
592,97.3479984161889,0.107669516817734
593,97.3960011754015,0.090567267896687
594,98.0936838737771,0.098215467170122
595,97.9737763473567,0.09549987933696
596,99.0137686689288,0.093307907963123
597,97.387874322881,0.099470222551895
598,96.5763773446313,0.099505710186568
599,97.4509821682289,0.09832002900545
600,97.1582506669765,0.099919539003474
601,97.6492351859083,0.097821244343481
602,97.3618943313267,0.096521470035614
603,97.5124178599047,0.098650094088618
604,98.8038493333245,0.099461820463165
605,98.3511075409432,0.101052179569194
606,98.6127796901083,0.102312147714666
607,98.4133268027879,0.086807423249318
608,98.2605495085736,0.09053580743923
609,98.50964976838,0.09948978263524
610,97.4347199663111,0.089349637713639
611,98.4279151351198,0.099848009021697
612,99.2037635741877,0.096620255577344
613,98.3687107360229,0.089366323936285
614,98.4379661331427,0.090018755979341
615,98.1378519451958,0.098665322079617
616,98.7105984247661,0.086994057209135
617,99.4896582017442,0.094251926562649
618,99.743517073816,0.096201108226035
619,98.3438727853634,0.075868743374196
620,98.3623386635862,0.073336740796007
621,100.19353746956,0.076902653882187
622,97.0650608330126,0.077001161041943
623,98.7139582651775,0.076999801163675
624,100.944836805252,0.093304444588388
625,101.050516128477,0.065253244128371
626,101.630218119597,0.084021605383455
627,100.179677381336,0.1086045740301
628,99.1209088718771,0.095368405210175
629,97.1185754128026,0.080572129066442
630,97.0118952854648,0.081349571220865
631,97.9857174675924,0.098080936428296
632,100.135359970917,0.092491436144158
633,101.078701164367,0.067462806950709
634,101.333499329198,0.077866697760481
635,100.301734014943,0.079513904879199
636,99.0201829420618,0.081314431435655
637,100.240191851452,0.103432542220777
638,99.5040783299444,0.076128020055394
639,101.266542976058,0.070953318566592
640,100.908268473006,0.118199937142248
641,101.668164348249,0.146272603612245
642,101.507436464329,0.160201764804225
643,100.249877558339,0.117669488853989
644,101.312584619183,0.127581392435464
645,101.64851982611,0.183900382593876
646,101.980082265979,0.167872958398863
647,101.866943542486,0.174118624062831
648,100.921896938879,0.15466957620247
649,100.458457071342,0.175691602494161
650,101.962504512922,0.162002944727385
651,100.088534594215,0.139612411396062
652,99.6428148738515,0.169659048898876
653,100.19958810926,0.151720472015575
654,103.277146602657,0.179299661687577
655,91.2402531291718,0.143078282934698
656,95.7759536496722,0.146483830553485
657,120.574755411183,0.174193460047318
658,119.185093880356,0.124704250305238
659,104.331499918983,0.158727379063181
660,104.089847191143,0.197723612549146
661,101.930491679006,0.151052476958249
662,101.86370007059,0.142586324199626
663,101.856430594933,0.14872303453525
664,101.490051610428,0.163479263983632
665,100.595652550244,0.129229115317414
666,103.229078743355,0.154303968980066
667,101.854753097302,0.141641631838473
668,101.882155685127,0.148679822832363
669,101.224412087705,0.076627094763742
670,101.317256679906,0.059472822251448
671,100.362432408197,0.091795559676638
672,99.4293784859672,0.088975051377756
673,102.532126880635,0.106551844254577
674,101.841445928376,0.104827475564987
675,101.921986462536,0.093288597528077
676,101.005369877424,0.091765973377192
677,101.372447791261,0.085866843716766
678,100.393401628783,0.074386012226578
679,100.785252434703,0.103418755216789
680,100.898076026829,0.115363021732596
681,101.505318919024,0.137139562270794
682,102.000798794123,0.086105929031646
683,102.177676310026,0.079225178698023
684,99.7390270924437,0.07785239246482
685,98.3108372340427,0.072533905057405
686,100.485263347906,0.079670398462695
687,101.670396920518,0.070378873284077
688,101.547678219413,0.066218703099024
689,101.969669600567,0.089926525910887
690,101.526607831957,0.084391860572668
691,99.512381776091,0.074954883950279
692,100.961795709941,0.117210590933728
693,100.125135660678,0.086052916866537
694,102.328454334851,0.090348063766117
695,101.600986864393,0.094380436157541
696,101.157527814222,0.094759124562546
697,98.3986325950035,0.069103524502873
698,101.733375647501,0.081090695201722
699,102.293631030373,0.072649095627426
700,102.439068798377,0.06858652482513
701,102.832694139124,0.085967663883286
702,100.549936717881,0.058436345306097
703,101.094350581349,0.056507143678572
704,102.425010537029,0.080410803873509
705,103.147845077527,0.115743338037197
706,100.768212545265,0.096507897171174
707,98.6604311889373,0.060996895956785
708,102.075188998439,0.069218006820934
709,103.14150315964,0.091207764678197
710,103.305158714665,0.103919842540975
711,102.316433338617,0.079769347281913
712,103.947886220941,0.083302390599147
713,100.761131880225,0.084669463884482
714,101.712043377835,0.082178648300431
715,101.617609714906,0.066736028344237
716,103.696646869437,0.072862659428328
717,103.771932060469,0.093740368464019
718,100.745312817022,0.049109686497531
719,101.54043129657,0.053865713988916
720,103.039519819987,0.073416307834456
721,102.811470003057,0.058718098698431
722,103.388446029345,0.089845174151786
723,103.287806187126,0.089187354217827
724,102.774112621504,0.119954891130198
725,101.438694536457,0.093818058642774
726,101.502086961358,0.065576671776229
727,103.812615626843,0.058008615798634
728,102.425235454023,0.0688305555102
729,102.579982837906,0.04769176451398
730,102.384645936746,0.060361218355456
731,100.281582779336,0.079666107603883
732,102.928483007091,0.110348906998162
733,102.733159256004,0.085685118962591
734,101.22663491544,0.078551958983896
735,102.668434343676,0.074705724981729
736,102.724925426324,0.096634746197209
737,102.804471514511,0.071499700884978
738,105.132179571798,0.072110123999258
739,100.798089578728,0.077135821300417
740,100.926550982921,0.080615921868704
741,103.404453050452,0.085377387624582
742,102.291497084275,0.065360439034192
743,101.970565271924,0.072606347278723
744,102.950070403066,0.09402544359521
745,102.893003617562,0.096647180994804
746,103.706211094921,0.09924228308892
747,101.058726705483,0.104248804930535
748,104.343070274008,0.082638923491937
749,103.095422720133,0.075436102248235
750,102.049975399089,0.096486111476969
751,103.433862475726,0.074877844324728
752,104.794510962534,0.082890478521777
753,101.736950077881,0.078427854458773
754,101.654546719,0.075169463605125
755,104.011933113453,0.049486756461089
756,101.288115439817,0.066625159231154
757,99.6417208434683,0.061664167475649
758,100.832403763578,0.075225304831379
759,102.369920754595,0.067210553121923
760,102.091104787431,0.054574759569625
761,102.790250247541,0.075519716346651
762,105.776750363028,0.061637025421417
763,101.332720512614,0.053355198527226
764,100.971440279314,0.07023464230179
765,102.025440143509,0.094914438502676
766,107.004670210848,0.076193691733985
767,107.666040783148,0.051640462556014
768,100.57223991446,0.064726238353332
769,100.21587164523,0.077198833664074
770,103.205279833769,0.067004384124545
771,103.67820406826,0.089931135857845
772,105.477652984852,0.08480206003216
773,105.28812660654,0.0622741625477
774,105.553535848337,0.079379424509678
775,105.583440571414,0.092738639213324
776,104.570728448612,0.088182152141889
777,103.515435048943,0.06888242846945
778,103.175255706658,0.067874042954354
779,101.825233660594,0.089683267180764
780,103.74367947244,0.075082775465418
781,103.09270608894,0.063769308460394
782,101.820538175438,0.05716546787383
783,102.525935388542,0.091648739263292
784,103.577623342402,0.10869244076824
785,104.820057392624,0.083332638295024
786,103.172763530314,0.092429306060134
787,103.64440078487,0.057980768698134
788,101.854976762057,0.059088212394789
789,101.968661979693,0.078899335938771
790,104.325543404847,0.090823774591933
791,104.396356285439,0.110727313385974
792,103.220465171045,0.120976320551918
793,102.769147707833,0.087530657876336
794,99.853310691812,0.060052630681108
795,101.324710175151,0.077285568934372
796,106.777457633027,0.098054024592862
797,104.52492758329,0.092640635350175
798,102.772081491466,0.084238403904389
799,103.904411622076,0.083380011950034
800,104.139344921607,0.089144644895816
801,103.050946894522,0.10339702624522
802,104.183832930683,0.103719414549444
803,103.53328051835,0.105418050494397
804,104.970239674672,0.112222031360664
805,103.771248439301,0.10366191718541
806,100.758587387757,0.096470265347593
807,102.005614589885,0.0952042708338
808,104.078876285098,0.109992392465141
809,105.200190261461,0.122762195514869
810,105.424741069267,0.110215310505124
811,103.753703703761,0.13948232413556
812,105.241202672317,0.133194319526211
813,104.057623445059,0.09388950748878
814,102.63112893529,0.082190325811783
815,104.901686577132,0.064750745600554
816,104.900419630525,0.101952274005104
817,103.283156658622,0.116716030397521
818,104.749992207032,0.121587573965566
819,106.181801842775,0.1385816481352
820,103.339645590538,0.149316097464171
821,102.777836464166,0.132712756485952
822,105.750738550574,0.109517166150941
823,105.295409781586,0.18385806465098
824,105.098709988428,0.113498884656534
825,104.176512260752,0.114996539761322
826,104.118194051266,0.12241511366964
827,102.728083529552,0.145227335218419
828,103.93339266723,0.152817357580926
829,104.249169806359,0.138605311175381
830,106.372119354221,0.141868554007768
831,106.962853137331,0.134457280896437
832,105.929699026503,0.143979587764791
833,103.816491083968,0.123748449414434
834,102.521882977989,0.117502918977042
835,104.299315879169,0.145029525077094
836,105.856102669421,0.183856947684566
837,107.55344289884,0.197375029505024
838,106.174690507377,0.150227249240116
839,105.949472955541,0.147928348108732
840,104.609083451004,0.159800869347996
841,104.903068718156,0.138717815259923
842,106.551546436787,0.148989604490154
843,105.815315354661,0.152700981997416
844,105.597932340502,0.160945688538992
845,105.110827055125,0.129618362974743
846,105.95296285558,0.108490225404861
847,104.795316385528,0.121382182959411
848,105.7951018288,0.122017621103406
849,104.457353443032,0.138924527712474
850,105.542758315828,0.117366424356019
851,104.94223694888,0.137579724850304
852,101.762868454299,0.10802476283113
853,99.680894614663,0.109056005755404
854,101.998670956793,0.139709287265208
855,104.734811841142,0.088164669295218
856,104.829840332047,0.095598246648476
857,104.905833054835,0.134876354424683
858,105.715563107339,0.156625857620291
859,105.188178385219,0.147662477648297
860,104.850790402364,0.219350463151679
861,105.816244805031,0.156093013474313
862,105.020963214447,0.138803228032303
863,104.103791052912,0.152509696603419
864,104.764254555016,0.167721488462387
865,105.850059112371,0.189527960563949
866,105.902951937738,0.21184024154988
867,103.752906286266,0.156343038070104
868,104.074076877317,0.10483093684825
869,105.377409149329,0.169341777797719
870,104.790368884916,0.176105643487822
871,104.249055345198,0.201005681546531
872,105.067788950421,0.160259958594748
873,103.610949803608,0.154100072136913
874,104.218498711137,0.110551935878575
875,103.586721653488,0.126782624276983
876,104.692617383965,0.169478271876068
877,103.771248439301,0.186426275343513
878,101.881596374956,0.134320551267609
879,101.090354755203,0.170813251447533
880,101.804217459157,0.149076521463868
881,104.199276655916,0.167398481816071
882,104.998019305585,0.155152137799892
883,103.501569992708,0.129389653092575
884,102.900798995339,0.160955688484894
885,102.17296457262,0.156455704228684
886,102.416688955472,0.119629076800673
887,103.451921053994,0.168937601783743
888,103.377549049878,0.135534495917747
889,103.889125665629,0.173481012735347
890,103.11059189334,0.167187325884716
891,102.501960955739,0.156602734780795
892,102.527398798385,0.200779844529812
893,101.903971176979,0.202535826209042
894,101.791699230797,0.2519788030903
895,100.412472841035,0.176124276837427
896,99.5010193402297,0.189338018464947
897,99.7765958478234,0.214699353367257
898,98.7514661816963,0.189073261502848
899,99.0975130526916,0.240083524042479
900,98.495806328875,0.175879693869975
901,97.0048655502162,0.218452846522779
902,96.9038427806441,0.173150003449443
903,95.4365805695357,0.164653796484525
904,93.5308529777694,0.161942077726446
905,92.514720720214,0.181204775004676
906,90.9733693732181,0.223610973720151
907,90.3462655653062,0.219077437268763
908,89.8578577868175,0.243779347340146
909,90.3097686576098,0.21032367374215
910,90.8313440670039,0.21684601026965
911,93.7314216880451,0.201496326003041
912,95.4980045542937,0.241481827928895
913,98.7027953656895,0.283445583711729
914,100.223244116092,0.246931445459516
915,100.101612718011,0.229996417115191
916,99.2952999053168,0.195768205722652
917,99.1573738313343,0.237356782985572
918,101.325043926569,0.227134500665012
919,102.766891008181,0.213789902840668
920,104.501747827034,0.238627926228747
921,104.858964367198,0.318729835471679
922,104.496584720111,0.19772226295326
923,105.272521499194,0.199739132488237
924,106.091371830015,0.307895618598595
925,105.816477168899,0.350443309536581
926,106.247225149556,0.329247297402054
927,106.25224143318,0.310047035664642
928,106.583138186189,0.351259905801762
929,107.139159381814,0.355860571271786
930,107.088706145531,0.357301257746968
931,106.946764966734,0.33553259662221
932,106.835740411047,0.309675088802037
933,107.135983302486,0.321540624872273
934,106.614622243857,0.347428043917018
935,107.704466800281,0.273246738297627
936,107.767278511064,0.258861240290622
937,108.471347874989,0.274492099952233
938,107.033458311393,0.325176390745001
939,107.63200087749,0.338961086192595
940,107.177868061154,0.305906117871393
941,107.977863994054,0.272095256124491
942,107.955933514247,0.315560319331709
943,107.376337022178,0.367362073911866
944,107.134807000702,0.281934212445477
945,108.185653780008,0.326150527971001
946,108.318891858523,0.2952583157807
947,108.912783477339,0.426285446772291
948,108.843089668258,0.406334399468679
949,107.694415594717,0.414711083415198
950,108.002170540072,0.362788254655891
951,106.611929934847,0.277989679519825
952,106.366396693621,0.335345195334833
953,106.296464968083,0.379149234591511
954,109.190566609544,0.368071994154615
955,108.752900662531,0.388644342360701
956,109.795023716917,0.393665360211979
957,109.707057227016,0.410610440016617
958,109.22701824046,0.401149607161387
959,109.194163268896,0.395457350362957
960,108.851216322197,0.517432747391478
961,108.612927425514,0.484964851276161
962,109.407176619459,0.551152776588601
963,109.525443002219,0.600100008481228
964,109.462327660505,0.376517501294423
965,109.012919345355,0.397421172738984
966,109.333324989141,0.46358422481817
967,109.587752473288,0.570199714648814
968,108.381347901802,0.445773226588681
969,109.110272077491,0.371320657777114
970,108.724724466091,0.488677202048932
971,110.249714099157,0.738586350495673
972,109.282558415148,0.593228378261802
973,110.832529200739,0.496909021209454
974,109.552383289553,0.579066778406619
975,110.493898999043,0.547137495553906
976,110.570841181804,0.36204394041435
977,109.178218980683,0.438976323284775
978,110.24584058096,0.455735731836836
979,109.401530913663,0.776330514502052
980,109.352653687011,0.757443089842025
981,109.860019580091,0.579652831419591
982,110.885720261801,0.683766607611426
983,110.463937596209,0.64446344499758
984,112.155829990401,0.804317779660181
985,108.411458623863,0.869503795992643
986,110.109990459014,0.650858215102797
987,109.065955630857,0.502239962885801
988,110.773890390605,0.767109743586084
989,109.891265043329,1.08509682564098
990,112.013567671089,0.834505490885981
991,110.802962602304,0.770995775218152
992,110.355077540019,0.55519733770805
993,109.615791263654,0.624114842691473
994,110.769633594114,0.709407062197339
995,108.751109585304,0.868251917063459
996,112.502641542603,1.22371685827177
997,109.456799287684,0.75120751268858
998,111.435553152185,0.834141296402517
999,109.5509398919,0.772554168512166
1000,110.087143455494,1.02392797218766
1001,112.886587675698,1.16526246320511
1002,110.55299650523,1.18481477922562
1003,112.247238885039,1.10704050315235
1004,109.291197869139,1.25890469787501
1005,112.758501528475,1.38678716973943
1006,107.669941876387,1.35792510848887
1007,108.934310306208,1.12581943215062
1008,108.534845153061,1.26930791990247
1009,110.443684894997,1.25374800610565
1010,110.409372926635,1.52747737308479
1011,108.495408136724,1.64230880266861
1012,107.139394650695,1.74754647947752
1013,112.679542162552,1.88635909040428
1014,111.427845269746,1.34269528124781
1015,113.812263376305,1.61767317679787
1016,107.451580205845,1.4669845286131
1017,111.683100227418,1.25657037495024
1018,110.377374199064,1.99023296408181
1019,108.187673115266,1.51436082254181
1020,109.545046215519,1.45410330656108
1021,112.529572821,1.82928916307971
1022,109.313519620002,1.86735127834604
1023,112.602987097523,1.60630314923548
1024,108.219274682214,1.63225837394854
1025,114.727389144956,1.7565510534705
1026,117.17327880831,2.12945487640337
1027,111.75105423842,2.38462736093656
1028,113.692488750209,1.52359373312285
1029,107.902607696165,1.59857706152458
1030,117.840685818476,2.2667033023597
1031,114.704843469817,2.31422705029837
1032,118.44269010003,2.63750185821774
1033,119.031693618911,2.14914702343834
1034,122.468426903878,2.76066978536475
1035,112.089598939494,2.00906863509167
1036,118.36858757503,2.28183546708856
1037,119.019539900542,2.04714298892559
1038,122.197779014415,1.71227729859618
1039,120.584684772497,2.40142902827421
1040,128.385711754876,3.58636894355977
1041,122.950894662884,2.82727368404421
1042,128.832067190415,3.90969715870461
1043,125.469566859346,3.44233888355641
1044,120.528429201358,3.66303503039598
1045,123.66152886521,2.75618261820678
1046,134.701403219068,3.51521180362696
1047,123.571407000253,5.36140258146527
1048,130.026190264519,4.47657265712947
1049,127.885568086036,5.04906340743792
1050,132.486867703958,4.57532900309393
1051,127.847802566487,3.68829777526349
1052,133.745407177014,4.25031401196743
1053,144.886813807919,7.29159971602801
1054,134.169290116174,5.96433129195657
1055,133.941444415357,5.21052880662701
1056,132.00132452969,4.76851073852641
1057,139.85301854299,5.81674441805115
1058,120.778537140884,3.46686430901353
1059,135.593349193805,6.15922086238714
1060,123.314297040285,4.67664622763146
1061,135.714290264004,6.16070049057162
1062,137.581127611045,5.48609525316514
1063,145.969238068672,6.32426856516587
1064,133.572240086258,4.46506801053142
1065,138.068244644817,6.70994294493553
1066,138.029896903787,6.8950806327622
1067,146.051478769094,10.2696684466273
1068,137.856479983481,7.56753888190954
1069,140.590936866537,5.47990099477753
1070,140.634782783538,5.06545302633062
1071,153.927233518752,9.73501432241475
1072,138.747683936877,10.7763843384045
1073,145.842200768352,11.5183566645363
1074,154.022920450047,10.6855818443648
1075,172.98464134604,11.3016729679291
1076,135.600197654488,9.81688720963033
1077,159.80132629543,13.0835900977824
1078,149.645153612633,14.6800085219762
1079,140.589547606739,10.2502552344005
1080,164.112542280878,9.13154088587754
1081,138.057936695287,8.43773453190869
1082,171.027177422442,14.8569252001562
1083,155.926085978892,14.4497154404605
1084,160.000065022528,11.7545800832912
1085,160.34053039819,9.83331399322713
1086,178.407010030389,9.66924028122477
1087,144.937728241455,8.38485241643381
1088,191.355644832669,22.0461117305983
1089,173.384335033361,13.5614790633842
1090,182.181488346647,13.0217091192346
1091,215.14948301762,19.2655741940091
1092,176.561216836106,17.5781716058695
1093,151.593227049945,12.8530781641205
1094,173.422222551693,15.2075172081722
1095,143.637253932049,16.5669762541512
1096,210.899109111054,20.3926475058773
1097,145.146983275472,16.3837474524133
1098,188.413765408157,25.4718204649328
1099,193.198004315847,32.7323973906811
1100,170.251342684288,18.8968530390922
